place	type	shape	syllables	CVC	size	citation	possessive	back	high	round
COR	voiceless	CCVC	mono	CVC	CVC	flyt	flytym	0	1	1
COR	voiced	CCVCC	mono	big	CVCC	stand	standɯm	1	0	0
COR	voiceless	CCVCC	mono	big	CVCC	trøst	trøstym	0	0	1
COR	voiceless	CCVCCCVC	poly	big	CVCVC	trenʧkot	trenʧkotum	1	0	1
COR	voiceless	CCVCCVC	poly	big	CVCVC	blʲanket	blʲanketim	0	0	0
COR	voiceless	CCVCCVC	poly	big	CVCVC	dretnot	dretnotum	1	0	1
COR	voiceless	CCVCVC	poly	big	CVCVC	briket	briketim	0	0	0
COR	voiceless	CCVCVC	poly	big	CVCVC	kroket	kroketim	0	0	0
COR	voiceless	CCVVCCVC	poly	big	CVCVC	trioksit	trioksitim	0	1	0
COR	alternating	CVC	mono	CVC	CVC	tat	tadɯm	1	0	0
COR	alternating	CVC	mono	CVC	CVC	ret	reddim	0	0	0
COR	vacillator	CVC	mono	CVC	CVC	ʤet	ʤetim ʤeddim	0	0	0
COR	voiced	CVC	mono	CVC	CVC	had	haddim	1	0	0
COR	voiced	CVC	mono	CVC	CVC	tad	tadɯm	1	0	0
COR	voiced	CVC	mono	CVC	CVC	jad	ja:dɯm	1	0	0
COR	voiced	CVC	mono	CVC	CVC	red	reddim	0	0	0
COR	voiced	CVC	mono	CVC	CVC	sed	sedim	0	0	0
COR	voiced	CVC	mono	CVC	CVC	med	medim	0	0	0
COR	voiced	CVC	mono	CVC	CVC	kod	kodum	1	0	1
COR	voiceless	CVC	mono	CVC	CVC	hat	hatɯm	1	0	0
COR	voiceless	CVC	mono	CVC	CVC	kat	katɯm	1	0	0
COR	voiceless	CVC	mono	CVC	CVC	mat	matɯm	1	0	0
COR	voiceless	CVC	mono	CVC	CVC	sat	satɯm	1	0	0
COR	voiceless	CVC	mono	CVC	CVC	vat	vatɯm	1	0	0
COR	voiceless	CVC	mono	CVC	CVC	jat	jatɯm	1	0	0
COR	voiceless	CVC	mono	CVC	CVC	zat	zatɯm	1	0	0
COR	voiceless	CVC	mono	CVC	CVC	bet	betim	0	0	0
COR	voiceless	CVC	mono	CVC	CVC	ʒet	ʒetim	0	0	0
COR	voiceless	CVC	mono	CVC	CVC	ket	ketim	0	0	0
COR	voiceless	CVC	mono	CVC	CVC	net	netim	0	0	0
COR	voiceless	CVC	mono	CVC	CVC	set	setim	0	0	0
COR	voiceless	CVC	mono	CVC	CVC	bit	bitim	0	1	0
COR	voiceless	CVC	mono	CVC	CVC	ʧit	ʧitim	0	1	0
COR	voiceless	CVC	mono	CVC	CVC	fit	fitim	0	1	0
COR	voiceless	CVC	mono	CVC	CVC	sit	sitim	0	1	0
COR	voiceless	CVC	mono	CVC	CVC	kɯt	kɯtɯm	1	1	0
COR	voiceless	CVC	mono	CVC	CVC	zɯt	zɯtɯm	1	1	0
COR	voiceless	CVC	mono	CVC	CVC	bot	botum	1	0	1
COR	voiceless	CVC	mono	CVC	CVC	kot	kotum	1	0	1
COR	voiceless	CVC	mono	CVC	CVC	not	notum	1	0	1
COR	voiceless	CVC	mono	CVC	CVC	pot	potum	1	0	1
COR	voiceless	CVC	mono	CVC	CVC	rot	rotum	1	0	1
COR	voiceless	CVC	mono	CVC	CVC	gøt	gøtym	0	0	1
COR	voiceless	CVC	mono	CVC	CVC	høt	høtym	0	0	1
COR	voiceless	CVC	mono	CVC	CVC	but	butum	1	1	1
COR	voiceless	CVC	mono	CVC	CVC	dut	dutum	1	1	1
COR	voiceless	CVC	mono	CVC	CVC	gut	gutum	1	1	1
COR	voiceless	CVC	mono	CVC	CVC	lʲut	lʲutum	1	1	1
COR	voiceless	CVC	mono	CVC	CVC	put	putum	1	1	1
COR	voiceless	CVC	mono	CVC	CVC	ʃut	ʃutum	1	1	1
COR	voiceless	CVC	mono	CVC	CVC	ʒyt	ʒytym	0	1	1
COR	voiceless	CVC	mono	CVC	CVC	ʃyt	ʃytym	0	1	1
COR	voiceless	CVC	mono	CVC	CVC	syt	sytym	0	1	1
COR	voiced	CVCC	mono	big	CVCC	nezd	nezdim	0	0	0
COR	voiceless	CVCC	mono	big	CVCC	bejt	bejtim	0	0	0
COR	voiceless	CVCC	mono	big	CVCC	zejt	zejtim	0	0	0
COR	voiceless	CVCC	mono	big	CVCC	mevt	mevtim	0	0	0
COR	alternating	CVCC	mono	big	CVCC	ryʃt	ryʃdym	0	1	1
COR	voiceless	CVCC	mono	big	CVCC	hiʃt	hiʃtim	0	1	0
COR	voiceless	CVCC	mono	big	CVCC	kɯʃt	kɯʃtɯm	1	1	0
COR	voiceless	CVCC	mono	big	CVCC	hoʃt	hoʃtum	1	0	1
COR	voiceless	CVCC	mono	big	CVCC	puʃt	puʃtum	1	1	1
COR	voiceless	CVCC	mono	big	CVCC	kast	kastɯm	1	0	0
COR	voiceless	CVCC	mono	big	CVCC	rast	rastɯm	1	0	0
COR	voiceless	CVCC	mono	big	CVCC	ʒest	ʒestim	0	0	0
COR	voiceless	CVCC	mono	big	CVCC	mest	mestim	0	0	0
COR	voiceless	CVCC	mono	big	CVCC	rest	restim	0	0	0
COR	voiceless	CVCC	mono	big	CVCC	test	testim	0	0	0
COR	voiceless	CVCC	mono	big	CVCC	kist	kistim	0	1	0
COR	voiceless	CVCC	mono	big	CVCC	pist	pistim	0	1	0
COR	voiceless	CVCC	mono	big	CVCC	dost	dostum	1	0	1
COR	voiceless	CVCC	mono	big	CVCC	post	postum	1	0	1
COR	voiceless	CVCC	mono	big	CVCC	tost	tostum	1	0	1
COR	voiceless	CVCC	mono	big	CVCC	høst	høstym	0	0	1
COR	voiceless	CVCC	mono	big	CVCC	byst	bystym	0	1	1
COR	voiceless	VCC	mono	big	CVCC	yst	ystym	0	1	1
COR	alternating	CVCC	mono	big	CVCC	dert	derdim	0	0	0
COR	alternating	CVCC	mono	big	CVCC	fert	ferdim	0	0	0
COR	alternating	CVCC	mono	big	CVCC	dørt	dørdym	0	0	1
COR	alternating	CVCC	mono	big	CVCC	kurt	kurdum	1	1	1
COR	alternating	CVCC	mono	big	CVCC	jurt	jurdum	1	1	1
COR	alternating	CVCC	mono	big	CVCC	kyrt	kyrdym	0	1	1
COR	vacillator	CVCC	mono	big	CVCC	mert	mertim merdim	0	0	0
COR	voiced	CVCC	mono	big	CVCC	tard	tardɯm	1	0	0
COR	voiced	CVCC	mono	big	CVCC	serd	serdim	0	0	0
COR	voiced	CVCC	mono	big	CVCC	lord	lordum	1	0	1
COR	voiceless	CVCC	mono	big	CVCC	ʤart	ʤartɯm	1	0	0
COR	voiceless	CVCC	mono	big	CVCC	hart	hartɯm	1	0	0
COR	voiceless	CVCC	mono	big	CVCC	kart	kartɯm	1	0	0
COR	voiceless	CVCC	mono	big	CVCC	mart	martɯm	1	0	0
COR	voiceless	CVCC	mono	big	CVCC	ʃart	ʃartɯm	1	0	0
COR	voiceless	CVCC	mono	big	CVCC	tart	tartɯm	1	0	0
COR	voiceless	CVCC	mono	big	CVCC	zart	zartɯm	1	0	0
COR	voiceless	CVCC	mono	big	CVCC	sert	sertim	0	0	0
COR	voiceless	CVCC	mono	big	CVCC	fɯrt	fɯrtɯm	1	1	0
COR	voiceless	CVCC	mono	big	CVCC	hɯrt	hɯrtɯm	1	1	0
COR	voiceless	CVCC	mono	big	CVCC	sɯrt	sɯrtɯm	1	1	0
COR	voiceless	CVCC	mono	big	CVCC	zɯrt	zɯrtɯm	1	1	0
COR	voiceless	CVCC	mono	big	CVCC	kort	kortum	1	0	1
COR	voiceless	CVCC	mono	big	CVCC	ʃort	ʃortum	1	0	1
COR	alternating	VCC	mono	big	CVCC	art	ardɯm	1	0	0
COR	voiceless	CVCC	mono	big	CVCC	rapt	raptɯm	1	0	0
COR	voiceless	CVCC	mono	big	CVCC	zapt	zaptɯm	1	0	0
COR	alternating	CVCC	mono	big	CVCC	bant	bandɯm	1	0	0
COR	alternating	CVCC	mono	big	CVCC	hint	hindim	0	1	0
COR	alternating	CVCC	mono	big	CVCC	rint	rindim	0	1	0
COR	vacillator	CVCC	mono	big	CVCC	bent	bentim bendim	0	0	0
COR	voiced	CVCC	mono	big	CVCC	fend	fendim	0	0	0
COR	voiced	CVCC	mono	big	CVCC	pund	pundum	1	1	1
COR	voiceless	CVCC	mono	big	CVCC	ʒant	ʒantɯm	1	0	0
COR	voiceless	CVCC	mono	big	CVCC	kant	kantɯm	1	0	0
COR	voiceless	CVCC	mono	big	CVCC	kent	kentim	0	0	0
COR	voiceless	CVCC	mono	big	CVCC	sent	sentim	0	0	0
COR	voiceless	CVCC	mono	big	CVCC	kont	kontum	1	0	1
COR	voiceless	CVCC	mono	big	CVCC	kunt	kuntum	1	1	1
COR	voiceless	CVCC	mono	big	CVCC	punt	puntum	1	1	1
COR	voiceless	VCC	mono	big	CVCC	ant	antɯm	1	0	0
COR	alternating	CVCC	mono	big	CVCC	hamt	hamdɯm	1	0	0
COR	voiced	CVCC	mono	big	CVCC	hamd	hamdɯm	1	0	0
COR	voiceless	CVCC	mono	big	CVCC	semt	semtim	0	0	0
COR	alternating	CVCC	mono	big	CVCC	ʤilt	ʤildim	0	1	0
COR	voiceless	CVCC	mono	big	CVCC	halt	haltɯm	1	0	0
COR	voiceless	CVCC	mono	big	CVCC	malt	maltɯm	1	0	0
COR	voiceless	CVCC	mono	big	CVCC	salt	saltɯm	1	0	0
COR	voiceless	CVCC	mono	big	CVCC	ʃilt	ʃiltim	0	1	0
COR	voiceless	CVCC	mono	big	CVCC	volt	voltum	1	0	1
COR	voiceless	CVCC	mono	big	CVCC	kylt	kyltym	0	1	1
COR	voiceless	CVCCCCVC	poly	big	CVCVC	sanskrit	sanskritim	0	1	0
COR	voiceless	CVCCCVC	poly	big	CVCVC	kontrat	kontratɯm	1	0	0
COR	voiceless	CVCCCVCC	poly	big	CVCVC	zɯrtzɯrt	zɯrtzɯrtɯm	1	1	0
COR	voiceless	CVCCCVCC	poly	big	CVCVC	hortzort	hortzortum	1	0	1
COR	voiceless	CVCCCVCC	poly	big	CVCVC	zartzurt	zartzurtum	1	1	1
COR	voiceless	CVCCCVCCVCC	poly	big	CVCVC	postrestant	postrestantɯm	1	0	0
COR	alternating	CVCCVC	poly	big	CVCVC	ferjat	ferja:dɯm	1	0	0
COR	alternating	CVCCVC	poly	big	CVCVC	maksat	maksadɯm	1	0	0
COR	alternating	CVCCVC	poly	big	CVCVC	nevzat	nevzadɯm	1	0	0
COR	alternating	CVCCVC	poly	big	CVCVC	ʤelʲlʲat	ʤelʲlʲadɯm	1	0	0
COR	alternating	CVCCVC	poly	big	CVCVC	mesnet	mesnedim	0	0	0
COR	alternating	CVCCVC	poly	big	CVCVC	mysnet	mysnedim	0	0	0
COR	alternating	CVCCVC	poly	big	CVCVC	vahdet	vahdedim	0	0	0
COR	alternating	CVCCVC	poly	big	CVCVC	linjit	linjidim	0	1	0
COR	alternating	CVCCVC	poly	big	CVCVC	mesʤit	mesʤidim	0	1	0
COR	alternating	CVCCVC	poly	big	CVCVC	myfsit	myfsidim	0	1	0
COR	alternating	CVCCVC	poly	big	CVCVC	tahʃit	tahʃidim	0	1	0
COR	alternating	CVCCVC	poly	big	CVCVC	taklit	taklidim	0	1	0
COR	alternating	CVCCVC	poly	big	CVCVC	taksit	taksidim	0	1	0
COR	alternating	CVCCVC	poly	big	CVCVC	takjit	takjidim	0	1	0
COR	alternating	CVCCVC	poly	big	CVCVC	tehdit	tehdidim	0	1	0
COR	alternating	CVCCVC	poly	big	CVCVC	teʒdit	teʒdidim	0	1	0
COR	alternating	CVCCVC	poly	big	CVCVC	temdit	temdidim	0	1	0
COR	alternating	CVCCVC	poly	big	CVCVC	tenkit	tenkidim	0	1	0
COR	alternating	CVCCVC	poly	big	CVCVC	teʃdit	teʃdidim	0	1	0
COR	alternating	CVCCVC	poly	big	CVCVC	tevlit	tevlidim	0	1	0
COR	alternating	CVCCVC	poly	big	CVCVC	tezjit	tezjidim	0	1	0
COR	alternating	CVCCVC	poly	big	CVCVC	maksut	maksudum	1	1	1
COR	alternating	CVCCVC	poly	big	CVCVC	mevlʲut	mevlʲudum	1	1	1
COR	alternating	CVCCVC	poly	big	CVCVC	zymryt	zymrydym	0	1	1
COR	vacillator	CVCCVC	poly	big	CVCVC	sejjat	sejjatɯm sejja:dɯm	1	0	0
COR	vacillator	CVCCVC	poly	big	CVCVC	ziljet	ziljetim ziljedim	0	0	0
COR	vacillator	CVCCVC	poly	big	CVCVC	mevlit	mevlitim mevlidim	0	1	0
COR	vacillator	CVCCVC	poly	big	CVCVC	nevmit	nevmitim nevmidim	0	1	0
COR	vacillator	CVCCVC	poly	big	CVCVC	teʤrit	teʤritim teʤridim	0	1	0
COR	vacillator	CVCCVC	poly	big	CVCVC	temʤit	temʤitim temʤidim	0	1	0
COR	vacillator	CVCCVC	poly	big	CVCVC	tevhit	tevhitim tevhidim	0	1	0
COR	vacillator	CVCCVC	poly	big	CVCVC	hajdut	hajdutum hajdudum	1	1	1
COR	vacillator	CVCCVC	poly	big	CVCVC	mahdut	mahdutum mahdudum	1	1	1
COR	vacillator	CVCCVC	poly	big	CVCVC	nemrut	nemrutum nemrudum	1	1	1
COR	voiced	CVCCVC	poly	big	CVCVC	myrʃid	myrʃidim	0	1	0
COR	voiced	CVCCVC	poly	big	CVCVC	tahdid	tahdidim	0	1	0
COR	voiceless	CVCCVC	poly	big	CVCVC	berbat	berbatɯm	1	0	0
COR	voiceless	CVCCVC	poly	big	CVCVC	bizzat	bizzatɯm	1	0	0
COR	voiceless	CVCCVC	poly	big	CVCVC	dikkat	dikkatim	1	0	0
COR	voiceless	CVCCVC	poly	big	CVCVC	dimjat	dimjatɯm	1	0	0
COR	voiceless	CVCCVC	poly	big	CVCVC	fɯrsat	fɯrsatɯm	1	0	0
COR	voiceless	CVCCVC	poly	big	CVCVC	fɯtrat	fɯtratɯm	1	0	0
COR	voiceless	CVCCVC	poly	big	CVCVC	fosfat	fosfatɯm	1	0	0
COR	voiceless	CVCCVC	poly	big	CVCVC	hattat	hattatɯm	1	0	0
COR	voiceless	CVCCVC	poly	big	CVCVC	hejhat	hejhatɯm	1	0	0
COR	voiceless	CVCCVC	poly	big	CVCVC	hɯrvat	hɯrvatɯm	1	0	0
COR	voiceless	CVCCVC	poly	big	CVCVC	hilkat	hilkatɯm	1	0	0
COR	voiceless	CVCCVC	poly	big	CVCVC	hojrat	hojratɯm	1	0	0
COR	voiceless	CVCCVC	poly	big	CVCVC	kantat	kantatɯm	1	0	0
COR	voiceless	CVCCVC	poly	big	CVCVC	rikkat	rikkatim	1	0	0
COR	voiceless	CVCCVC	poly	big	CVCVC	ruhsat	ruhsatɯm	1	0	0
COR	voiceless	CVCCVC	poly	big	CVCVC	ʃefkat	ʃefkatim	1	0	0
COR	voiceless	CVCCVC	poly	big	CVCVC	serhat	serhatim	1	0	0
COR	voiceless	CVCCVC	poly	big	CVCVC	sirkat	sirkatim	1	0	0
COR	voiceless	CVCCVC	poly	big	CVCVC	tevrat	tevratɯm	1	0	0
COR	voiceless	CVCCVC	poly	big	CVCVC	vuslat	vuslatɯm	1	0	0
COR	voiceless	CVCCVC	poly	big	CVCVC	banket	banketim	0	0	0
COR	voiceless	CVCCVC	poly	big	CVCVC	ʧiklet	ʧikletim	0	0	0
COR	voiceless	CVCCVC	poly	big	CVCVC	ʤennet	ʤennetim	0	0	0
COR	voiceless	CVCCVC	poly	big	CVCVC	ʤinnet	ʤinnetim	0	0	0
COR	voiceless	CVCCVC	poly	big	CVCVC	dehʃet	dehʃetim	0	0	0
COR	voiceless	CVCCVC	poly	big	CVCVC	devlet	devletim	0	0	0
COR	voiceless	CVCCVC	poly	big	CVCVC	fetret	fetretim	0	0	0
COR	voiceless	CVCCVC	poly	big	CVCVC	forvet	forvetim	0	0	0
COR	voiceless	CVCCVC	poly	big	CVCVC	gaflet	gafletim	0	0	0
COR	voiceless	CVCCVC	poly	big	CVCVC	gofret	gofretim	0	0	0
COR	voiceless	CVCCVC	poly	big	CVCVC	gurbet	gurbetim	0	0	0
COR	voiceless	CVCCVC	poly	big	CVCVC	halvet	halvetim	0	0	0
COR	voiceless	CVCCVC	poly	big	CVCVC	haʃmet	haʃmetim	0	0	0
COR	voiceless	CVCCVC	poly	big	CVCVC	haslet	hasletim	0	0	0
COR	voiceless	CVCCVC	poly	big	CVCVC	hasret	hasretim	0	0	0
COR	voiceless	CVCCVC	poly	big	CVCVC	hajret	hajretim	0	0	0
COR	voiceless	CVCCVC	poly	big	CVCVC	hazret	hazretim	0	0	0
COR	voiceless	CVCCVC	poly	big	CVCVC	hejbet	hejbetim	0	0	0
COR	voiceless	CVCCVC	poly	big	CVCVC	hiʤret	hiʤretim	0	0	0
COR	voiceless	CVCCVC	poly	big	CVCVC	hiddet	hiddetim	0	0	0
COR	voiceless	CVCCVC	poly	big	CVCVC	hikmet	hikmetim	0	0	0
COR	voiceless	CVCCVC	poly	big	CVCVC	himmet	himmetim	0	0	0
COR	voiceless	CVCCVC	poly	big	CVCVC	hizmet	hizmetim	0	0	0
COR	voiceless	CVCCVC	poly	big	CVCVC	hyrmet	hyrmetim	0	0	0
COR	voiceless	CVCCVC	poly	big	CVCVC	kasket	kasketim	0	0	0
COR	voiceless	CVCCVC	poly	big	CVCVC	kasvet	kasvetim	0	0	0
COR	voiceless	CVCCVC	poly	big	CVCVC	kesret	kesretim	0	0	0
COR	voiceless	CVCCVC	poly	big	CVCVC	kɯsmet	kɯsmetim	0	0	0
COR	voiceless	CVCCVC	poly	big	CVCVC	kɯjmet	kɯjmetim	0	0	0
COR	voiceless	CVCCVC	poly	big	CVCVC	kispet	kispetim	0	0	0
COR	voiceless	CVCCVC	poly	big	CVCVC	kornet	kornetim	0	0	0
COR	voiceless	CVCCVC	poly	big	CVCVC	korvet	korvetim	0	0	0
COR	voiceless	CVCCVC	poly	big	CVCVC	kotlet	kotletim	0	0	0
COR	voiceless	CVCCVC	poly	big	CVCVC	kylfet	kylfetim	0	0	0
COR	voiceless	CVCCVC	poly	big	CVCVC	kymbet	kymbetim	0	0	0
COR	voiceless	CVCCVC	poly	big	CVCVC	kudret	kudretim	0	0	0
COR	voiceless	CVCCVC	poly	big	CVCVC	kuvvet	kuvvetim	0	0	0
COR	voiceless	CVCCVC	poly	big	CVCVC	lezzet	lezzetim	0	0	0
COR	voiceless	CVCCVC	poly	big	CVCVC	mihnet	mihnetim	0	0	0
COR	voiceless	CVCCVC	poly	big	CVCVC	millet	milletim	0	0	0
COR	voiceless	CVCCVC	poly	big	CVCVC	minnet	minnetim	0	0	0
COR	voiceless	CVCCVC	poly	big	CVCVC	misket	misketim	0	0	0
COR	voiceless	CVCCVC	poly	big	CVCVC	myddet	myddetim	0	0	0
COR	voiceless	CVCCVC	poly	big	CVCVC	myhlet	myhletim	0	0	0
COR	voiceless	CVCCVC	poly	big	CVCVC	myspet	myspetim	0	0	0
COR	voiceless	CVCCVC	poly	big	CVCVC	namzet	namzetim	0	0	0
COR	voiceless	CVCCVC	poly	big	CVCVC	nedret	nedretim	0	0	0
COR	voiceless	CVCCVC	poly	big	CVCVC	nefret	nefretim	0	0	0
COR	voiceless	CVCCVC	poly	big	CVCVC	nɯsfet	nɯsfetim	0	0	0
COR	voiceless	CVCCVC	poly	big	CVCVC	nisbet	nisbetim	0	0	0
COR	voiceless	CVCCVC	poly	big	CVCVC	nispet	nispetim	0	0	0
COR	voiceless	CVCCVC	poly	big	CVCVC	rahmet	rahmetim	0	0	0
COR	voiceless	CVCCVC	poly	big	CVCVC	ryʃvet	ryʃvetim	0	0	0
COR	voiceless	CVCCVC	poly	big	CVCVC	ʃehvet	ʃehvetim	0	0	0
COR	voiceless	CVCCVC	poly	big	CVCVC	ʃerbet	ʃerbetim	0	0	0
COR	voiceless	CVCCVC	poly	big	CVCVC	ʃiddet	ʃiddetim	0	0	0
COR	voiceless	CVCCVC	poly	big	CVCVC	ʃirket	ʃirketim	0	0	0
COR	voiceless	CVCCVC	poly	big	CVCVC	ʃirret	ʃirretim	0	0	0
COR	voiceless	CVCCVC	poly	big	CVCVC	ʃøhret	ʃøhretim	0	0	0
COR	voiceless	CVCCVC	poly	big	CVCVC	saffet	saffetim	0	0	0
COR	voiceless	CVCCVC	poly	big	CVCVC	servet	servetim	0	0	0
COR	voiceless	CVCCVC	poly	big	CVCVC	sohbet	sohbetim	0	0	0
COR	voiceless	CVCCVC	poly	big	CVCVC	sovjet	sovjetim	0	0	0
COR	voiceless	CVCCVC	poly	big	CVCVC	synnet	synnetim	0	0	0
COR	voiceless	CVCCVC	poly	big	CVCVC	tøhmet	tøhmetim	0	0	0
COR	voiceless	CVCCVC	poly	big	CVCVC	vahʃet	vahʃetim	0	0	0
COR	voiceless	CVCCVC	poly	big	CVCVC	zahmet	zahmetim	0	0	0
COR	voiceless	CVCCVC	poly	big	CVCVC	zillet	zilletim	0	0	0
COR	voiceless	CVCCVC	poly	big	CVCVC	zimmet	zimmetim	0	0	0
COR	voiceless	CVCCVC	poly	big	CVCVC	zijnet	zijnetim	0	0	0
COR	voiceless	CVCCVC	poly	big	CVCVC	zulmet	zulmetim	0	0	0
COR	voiceless	CVCCVC	poly	big	CVCVC	mysbet	mysbetim	0	0	0
COR	voiceless	CVCCVC	poly	big	CVCVC	siklet	sikletim	0	0	0
COR	voiceless	CVCCVC	poly	big	CVCVC	tijnet	tijnetim	0	0	0
COR	voiceless	CVCCVC	poly	big	CVCVC	boksit	boksitim	0	1	0
COR	voiceless	CVCCVC	poly	big	CVCVC	ʤizvit	ʤizvitim	0	1	0
COR	voiceless	CVCCVC	poly	big	CVCVC	karpit	karpitim	0	1	0
COR	voiceless	CVCCVC	poly	big	CVCVC	kibrit	kibritim	0	1	0
COR	voiceless	CVCCVC	poly	big	CVCVC	mezgit	mezgitim	0	1	0
COR	voiceless	CVCCVC	poly	big	CVCVC	mymbit	mymbitim	0	1	0
COR	voiceless	CVCCVC	poly	big	CVCVC	mynbit	mynbitim	0	1	0
COR	voiceless	CVCCVC	poly	big	CVCVC	myrʃit	myrʃitim	0	1	0
COR	voiceless	CVCCVC	poly	big	CVCVC	nefrit	nefritim	0	1	0
COR	voiceless	CVCCVC	poly	big	CVCVC	sistit	sistitim	0	1	0
COR	voiceless	CVCCVC	poly	big	CVCVC	syrgit	syrgitim	0	1	0
COR	voiceless	CVCCVC	poly	big	CVCVC	tahnit	tahnitim	0	1	0
COR	voiceless	CVCCVC	poly	big	CVCVC	tefrit	tefritim	0	1	0
COR	voiceless	CVCCVC	poly	big	CVCVC	tesbit	tesbitim	0	1	0
COR	voiceless	CVCCVC	poly	big	CVCVC	tespit	tespitim	0	1	0
COR	voiceless	CVCCVC	poly	big	CVCVC	myfrit	myfritim	0	1	0
COR	voiceless	CVCCVC	poly	big	CVCVC	ʧɯtʧɯt	ʧɯtʧɯtɯm	1	1	0
COR	voiceless	CVCCVC	poly	big	CVCVC	karʃɯt	karʃɯtɯm	1	1	0
COR	voiceless	CVCCVC	poly	big	CVCVC	zɯlgɯt	zɯlgɯtɯm	1	1	0
COR	voiceless	CVCCVC	poly	big	CVCVC	bojkot	bojkotum	1	0	1
COR	voiceless	CVCCVC	poly	big	CVCVC	despot	despotum	1	0	1
COR	voiceless	CVCCVC	poly	big	CVCVC	dipnot	dipnotum	1	0	1
COR	voiceless	CVCCVC	poly	big	CVCVC	gambot	gambotum	1	0	1
COR	voiceless	CVCCVC	poly	big	CVCVC	maskot	maskotum	1	0	1
COR	voiceless	CVCCVC	poly	big	CVCVC	barbut	barbutum	1	1	1
COR	voiceless	CVCCVC	poly	big	CVCVC	bizmut	bizmutum	1	1	1
COR	voiceless	CVCCVC	poly	big	CVCVC	mahlʲut	mahlʲutum	1	1	1
COR	voiceless	CVCCVC	poly	big	CVCVC	mahrut	mahrutum	1	1	1
COR	voiceless	CVCCVC	poly	big	CVCVC	mazbut	mazbutum	1	1	1
COR	voiceless	CVCCVC	poly	big	CVCVC	meʃhut	meʃhutum	1	1	1
COR	voiceless	CVCCVC	poly	big	CVCVC	meskʲut	meskʲutum	1	1	1
COR	voiceless	CVCCVC	poly	big	CVCVC	mevʤut	mevʤutum	1	1	1
COR	voiceless	CVCCVC	poly	big	CVCVC	mevkut	mevkutum	1	1	1
COR	voiceless	CVCCVC	poly	big	CVCVC	vurtut	vurtutum	1	1	1
COR	voiceless	CVCCVC	poly	big	CVCVC	hoʃnut	hoʃnutum	1	1	1
COR	voiceless	CVCCVC	poly	big	CVCVC	hythyt	hythytym	0	1	1
COR	voiceless	CVCCVC	poly	big	CVCVC	katgyt	katgytym	0	1	1
COR	alternating	CVCCVCC	poly	big	CVCVC	tajlant	tajlandɯm	1	0	0
COR	voiceless	CVCCVCC	poly	big	CVCVC	bedbaht	bedbahtɯm	1	0	0
COR	voiceless	CVCCVCC	poly	big	CVCVC	nalbant	nalbantɯm	1	0	0
COR	voiceless	CVCCVCC	poly	big	CVCVC	pankart	pankartɯm	1	0	0
COR	voiceless	CVCCVCC	poly	big	CVCVC	tanʒant	tanʒantɯm	1	0	0
COR	voiceless	CVCCVCC	poly	big	CVCVC	varjant	varjantɯm	1	0	0
COR	voiceless	CVCCVCC	poly	big	CVCVC	ʤilbent	ʤilbentim	0	0	0
COR	voiceless	CVCCVCC	poly	big	CVCVC	derbent	derbentim	0	0	0
COR	voiceless	CVCCVCC	poly	big	CVCVC	derdest	derdestim	0	0	0
COR	voiceless	CVCCVCC	poly	big	CVCVC	ferment	fermentim	0	0	0
COR	voiceless	CVCCVCC	poly	big	CVCVC	pigment	pigmentim	0	0	0
COR	voiceless	CVCCVCC	poly	big	CVCVC	ruzvelt	ruzveltim	0	0	0
COR	voiceless	CVCCVCC	poly	big	CVCVC	serbest	serbestim	0	0	0
COR	voiceless	CVCCVCC	poly	big	CVCVC	sermest	sermestim	0	0	0
COR	voiceless	CVCCVCC	poly	big	CVCVC	tylbent	tylbentim	0	0	0
COR	voiceless	CVCCVCC	poly	big	CVCVC	fihrist	fihristim	0	1	0
COR	voiceless	CVCCVCC	poly	big	CVCVC	langɯrt	langɯrtɯm	1	1	0
COR	voiceless	CVCCVCC	poly	big	CVCVC	zerdyʃt	zerdyʃtym	0	1	1
COR	voiceless	CVCCVCCVC	poly	big	CVCVC	feldispat	feldispatɯm	1	0	0
COR	voiceless	CVCCVCCVC	poly	big	CVCVC	hoʃsohbet	hoʃsohbetim	0	0	0
COR	voiceless	CVCCVCCVC	poly	big	CVCVC	kastanjet	kastanjetim	0	0	0
COR	alternating	CVCCVCCVCC	poly	big	CVCVC	hinterlant	hinterlandɯm	1	0	0
COR	voiceless	CVCCVCCVCVC	poly	big	CVCVC	tentyrdijot	tentyrdijotum	1	0	1
COR	voiceless	CVCCVCCVCVVC	poly	big	CVCVC	ʤymbyrʤemaat	ʤymbyrʤemaatim	1	0	0
COR	alternating	CVCCVCVC	poly	big	CVCVC	bermutat	bermuta:dɯm	1	0	0
COR	alternating	CVCCVCVC	poly	big	CVCVC	marmelat	marmeladɯm	1	0	0
COR	alternating	CVCCVCVC	poly	big	CVCVC	mynferit	mynferidim	0	1	0
COR	alternating	CVCCVCVC	poly	big	CVCVC	mystenit	mystenidim	0	1	0
COR	alternating	CVCCVCVC	poly	big	CVCVC	myttehit	myttehidim	0	1	0
COR	alternating	CVCCVCVC	poly	big	CVCVC	muktesit	muktesidim	0	1	0
COR	alternating	CVCCVCVC	poly	big	CVCVC	jekvyʤut	jekvyʤudum	1	1	1
COR	vacillator	CVCCVCVC	poly	big	CVCVC	mystefit	mystefitim mystefidim	0	1	0
COR	vacillator	CVCCVCVC	poly	big	CVCVC	muttarit	muttaritim muttaridim	0	1	0
COR	vacillator	CVCCVCVC	poly	big	CVCVC	mystebit	mystebitim mystebidim	0	1	0
COR	voiced	CVCCVCVC	poly	big	CVCVC	mystefid	mystefidim	0	1	0
COR	voiceless	CVCCVCVC	poly	big	CVCVC	baklijat	baklija:tɯm	1	0	0
COR	voiceless	CVCCVCVC	poly	big	CVCVC	ʧekmekat	ʧekmekatɯm	1	0	0
COR	voiceless	CVCCVCVC	poly	big	CVCVC	fuhʃijat	fuhʃija:tɯm	1	0	0
COR	voiceless	CVCCVCVC	poly	big	CVCVC	hamhalat	hamhalatɯm	1	0	0
COR	voiceless	CVCCVCVC	poly	big	CVCVC	hajvanat	hajvanatɯm	1	0	0
COR	voiceless	CVCCVCVC	poly	big	CVCVC	hɯrdavat	hɯrdavatɯm	1	0	0
COR	voiceless	CVCCVCVC	poly	big	CVCVC	maslahat	maslahatɯm	1	0	0
COR	voiceless	CVCCVCVC	poly	big	CVCVC	melbusat	melbusa:tɯm	1	0	0
COR	voiceless	CVCCVCVC	poly	big	CVCVC	mensuʤat	mensuʤa:tɯm	1	0	0
COR	voiceless	CVCCVCVC	poly	big	CVCVC	meʃrubat	meʃruba:tɯm	1	0	0
COR	voiceless	CVCCVCVC	poly	big	CVCVC	meʃruhat	meʃruhatɯm	1	0	0
COR	voiceless	CVCCVCVC	poly	big	CVCVC	mevʤudat	mevʤuda:tɯm	1	0	0
COR	voiceless	CVCCVCVC	poly	big	CVCVC	myfredat	myfreda:tɯm	1	0	0
COR	voiceless	CVCCVCVC	poly	big	CVCVC	myskirat	myskira:tɯm	1	0	0
COR	voiceless	CVCCVCVC	poly	big	CVCVC	saltanat	saltana:tɯm	1	0	0
COR	voiceless	CVCCVCVC	poly	big	CVCVC	tahdidat	tahdida:tɯm	1	0	0
COR	voiceless	CVCCVCVC	poly	big	CVCVC	tahʃidat	tahʃida:tɯm	1	0	0
COR	voiceless	CVCCVCVC	poly	big	CVCVC	taklavat	taklavatɯm	1	0	0
COR	voiceless	CVCCVCVC	poly	big	CVCVC	tanzifat	tanzifa:tɯm	1	0	0
COR	voiceless	CVCCVCVC	poly	big	CVCVC	tanzimat	tanzima:tɯm	1	0	0
COR	voiceless	CVCCVCVC	poly	big	CVCVC	tatbikat	tatbika:tɯm	1	0	0
COR	voiceless	CVCCVCVC	poly	big	CVCVC	tebligat	tebligatɯm	1	0	0
COR	voiceless	CVCCVCVC	poly	big	CVCVC	teklifat	teklifa:tɯm	1	0	0
COR	voiceless	CVCCVCVC	poly	big	CVCVC	tertibat	tertiba:tɯm	1	0	0
COR	voiceless	CVCCVCVC	poly	big	CVCVC	teʃrifat	teʃrifa:tɯm	1	0	0
COR	voiceless	CVCCVCVC	poly	big	CVCVC	tyrkijat	tyrkija:tɯm	1	0	0
COR	voiceless	CVCCVCVC	poly	big	CVCVC	zerzevat	zerzeva:tɯm	1	0	0
COR	voiceless	CVCCVCVC	poly	big	CVCVC	tensikʲat	tensikʲa:tɯm	1	0	0
COR	voiceless	CVCCVCVC	poly	big	CVCVC	hajsijet	hajsijetim	0	0	0
COR	voiceless	CVCCVCVC	poly	big	CVCVC	hyrrijet	hyrrijetim	0	0	0
COR	voiceless	CVCCVCVC	poly	big	CVCVC	kemmijet	kemmijetim	0	0	0
COR	voiceless	CVCCVCVC	poly	big	CVCVC	kejfijet	kejfijetim	0	0	0
COR	voiceless	CVCCVCVC	poly	big	CVCVC	mahfijet	mahfijetim	0	0	0
COR	voiceless	CVCCVCVC	poly	big	CVCVC	memleket	memleketim	0	0	0
COR	voiceless	CVCCVCVC	poly	big	CVCVC	meʃveret	meʃveretim	0	0	0
COR	voiceless	CVCCVCVC	poly	big	CVCVC	meskenet	meskenetim	0	0	0
COR	voiceless	CVCCVCVC	poly	big	CVCVC	mejmenet	mejmenetim	0	0	0
COR	voiceless	CVCCVCVC	poly	big	CVCVC	peksimet	peksimetim	0	0	0
COR	voiceless	CVCCVCVC	poly	big	CVCVC	sɯhrijet	sɯhrijetim	0	0	0
COR	voiceless	CVCCVCVC	poly	big	CVCVC	zyrrijet	zyrrijetim	0	0	0
COR	voiceless	CVCCVCVC	poly	big	CVCVC	biskyvit	biskyvitim	0	1	0
COR	voiceless	CVCCVCVC	poly	big	CVCVC	margarit	margaritim	0	1	0
COR	voiceless	CVCCVCVC	poly	big	CVCVC	myltefit	myltefitim	0	1	0
COR	voiceless	CVCCVCVC	poly	big	CVCVC	muhtelit	muhtelitim	0	1	0
COR	voiceless	CVCCVCVC	poly	big	CVCVC	bergamot	bergamotum	1	0	1
COR	voiceless	CVCCVCVC	poly	big	CVCVC	hotbehot	hotbehotum	1	0	1
COR	voiceless	CVCCVCVCC	poly	big	CVCVC	malperest	malperestim	0	0	0
COR	voiceless	CVCCVCVCC	poly	big	CVCVC	sergyzeʃt	sergyzeʃtim	0	0	0
COR	voiceless	CVCCVCVCC	poly	big	CVCVC	formalist	formalistim	0	1	0
COR	voiceless	CVCCVCVCC	poly	big	CVCVC	sosjalist	sosjalistim	0	1	0
COR	alternating	CVCCVCVCCVC	poly	big	CVCVC	ʤyrmymeʃhut	ʤyrmymeʃhudum	1	1	1
COR	voiceless	CVCCVCVCCVC	poly	big	CVCVC	baskɯlʲarnet	baskɯlʲarnetim	0	0	0
COR	voiceless	CVCCVCVCVC	poly	big	CVCVC	barbiturat	barbituratɯm	1	0	0
COR	voiceless	CVCCVCVCVC	poly	big	CVCVC	myktesebat	mykteseba:tɯm	1	0	0
COR	voiceless	CVCCVCVCVC	poly	big	CVCVC	myʃtemilʲat	myʃtemilʲa:tɯm	1	0	0
COR	voiceless	CVCCVCVCVC	poly	big	CVCVC	myʃtemilat	myʃtemila:tɯm	1	0	0
COR	voiceless	CVCCVCVCVC	poly	big	CVCVC	hakkanijet	hakkanijetim	0	0	0
COR	voiceless	CVCCVCVCVC	poly	big	CVCVC	menkubijet	menkubijetim	0	0	0
COR	voiceless	CVCCVCVCVC	poly	big	CVCVC	mensubijet	mensubijetim	0	0	0
COR	voiceless	CVCCVCVCVCC	poly	big	CVCVC	rasjonalist	rasjonalistim	0	1	0
COR	voiceless	CVCCVCVCVCVC	poly	big	CVCVC	hattɯhareket	hattɯhareketim	0	0	0
COR	voiceless	CVCCVCVVC	poly	big	CVCVC	kɯtkʲanaat	kɯtkʲanaatim	1	0	0
COR	voiceless	CVCCVCVVC	poly	big	CVCVC	mongoloit	mongoloitim	0	1	0
COR	alternating	CVCCVCVVCVVCVC	poly	big	CVCVC	herʧiba:da:bat	herʧiba:da:ba:dɯm	1	0	0
COR	vacillator	CVCCVVC	poly	big	CVCVC	mystait	mystaitim mystaidim	0	1	0
COR	voiceless	CVCCVVC	poly	big	CVCVC	menfaat	menfaatim	1	0	0
COR	voiceless	CVCCVVCC	poly	big	CVCVC	linguist	linguistim	0	1	0
COR	voiceless	CVCCVVCVC	poly	big	CVCVC	gajbu:bet	gajbu:betim	0	0	0
COR	voiceless	CVCCVVCVC	poly	big	CVCVC	merha:met	merha:metim	0	0	0
COR	voiceless	CVCCVVCVCC	poly	big	CVCVC	terʤiibent	terʤiibentim	0	0	0
COR	voiceless	CVCCVVCVCC	poly	big	CVCVC	syrrealist	syrrealistim	0	1	0
COR	voiceless	CVCCVVCVCVC	poly	big	CVCVC	mynta:habat	mynta:haba:tɯm	1	0	0
COR	voiceless	CVCCVVCVCVC	poly	big	CVCVC	hassa:sijet	hassa:sijetim	0	0	0
COR	voiceless	CVCCVVCVCVC	poly	big	CVCVC	mahʧu:bijet	mahʧu:bijetim	0	0	0
COR	alternating	CVCVC	poly	big	CVCVC	damat	dama:dɯm	1	0	0
COR	alternating	CVCVC	poly	big	CVCVC	kanat	kanadɯm	1	0	0
COR	alternating	CVCVC	poly	big	CVCVC	kyʃat	kyʃadɯm	1	0	0
COR	alternating	CVCVC	poly	big	CVCVC	mevat	meva:dɯm	1	0	0
COR	alternating	CVCVC	poly	big	CVCVC	murat	mura:dɯm	1	0	0
COR	alternating	CVCVC	poly	big	CVCVC	pomat	pomadɯm	1	0	0
COR	alternating	CVCVC	poly	big	CVCVC	rasat	rasadɯm	1	0	0
COR	alternating	CVCVC	poly	big	CVCVC	mijat	mija:dɯm	1	0	0
COR	alternating	CVCVC	poly	big	CVCVC	ʧeʃit	ʧeʃidim	0	1	0
COR	alternating	CVCVC	poly	big	CVCVC	kilit	kilidim	0	1	0
COR	alternating	CVCVC	poly	big	CVCVC	meʤit	meʤidim	0	1	0
COR	alternating	CVCVC	poly	big	CVCVC	myrit	myridim	0	1	0
COR	alternating	CVCVC	poly	big	CVCVC	ʃedit	ʃedidim	0	1	0
COR	alternating	CVCVC	poly	big	CVCVC	ʃehit	ʃehidim	0	1	0
COR	alternating	CVCVC	poly	big	CVCVC	sejit	sejidim	0	1	0
COR	alternating	CVCVC	poly	big	CVCVC	jezit	jezidim	0	1	0
COR	alternating	CVCVC	poly	big	CVCVC	geʧit	geʧidim	0	1	0
COR	alternating	CVCVC	poly	big	CVCVC	kajɯt	kajɯdɯm	1	1	0
COR	alternating	CVCVC	poly	big	CVCVC	ʧaʃɯt	ʧaʃɯdɯm	1	1	0
COR	alternating	CVCVC	poly	big	CVCVC	hasut	hasudum	1	1	1
COR	alternating	CVCVC	poly	big	CVCVC	hudut	hudu:dum	1	1	1
COR	alternating	CVCVC	poly	big	CVCVC	kujut	kujudum	1	1	1
COR	alternating	CVCVC	poly	big	CVCVC	mabut	mabudum	1	1	1
COR	alternating	CVCVC	poly	big	CVCVC	ʃyhut	ʃyhudum	1	1	1
COR	alternating	CVCVC	poly	big	CVCVC	vyʤut	vyʤu:dum	1	1	1
COR	vacillator	CVCVC	poly	big	CVCVC	ʤihat	ʤihadɯm ʤihatɯm	1	0	0
COR	vacillator	CVCVC	poly	big	CVCVC	fesat	fesatɯm fesadɯm	1	0	0
COR	vacillator	CVCVC	poly	big	CVCVC	hasat	hasatɯm hasadɯm	1	0	0
COR	vacillator	CVCVC	poly	big	CVCVC	kesat	kesatɯm kesadɯm	1	0	0
COR	vacillator	CVCVC	poly	big	CVCVC	makat	makatɯm makadɯm	1	0	0
COR	vacillator	CVCVC	poly	big	CVCVC	masat	masatɯm masadɯm	1	0	0
COR	vacillator	CVCVC	poly	big	CVCVC	mezat	mezatɯm mezadɯm	1	0	0
COR	vacillator	CVCVC	poly	big	CVCVC	pulat	pulatɯm puladɯm	1	0	0
COR	vacillator	CVCVC	poly	big	CVCVC	tezat	tezatɯm tezadɯm	1	0	0
COR	vacillator	CVCVC	poly	big	CVCVC	ʤeket	ʤekedim ʤeketim	0	0	0
COR	vacillator	CVCVC	poly	big	CVCVC	ʤeset	ʤesetim ʤesedim	0	0	0
COR	vacillator	CVCVC	poly	big	CVCVC	haset	hasetim hasedim	0	0	0
COR	vacillator	CVCVC	poly	big	CVCVC	medet	medetim mededim	0	0	0
COR	vacillator	CVCVC	poly	big	CVCVC	senet	senetim senedim	0	0	0
COR	vacillator	CVCVC	poly	big	CVCVC	velet	veletim veledim	0	0	0
COR	vacillator	CVCVC	poly	big	CVCVC	ʧivit	ʧivitim ʧividim	0	1	0
COR	vacillator	CVCVC	poly	big	CVCVC	ʤedit	ʤeditim ʤedidim	0	1	0
COR	vacillator	CVCVC	poly	big	CVCVC	ʤirit	ʤiritim ʤiridim	0	1	0
COR	vacillator	CVCVC	poly	big	CVCVC	kadit	kaditim kadidim	0	1	0
COR	vacillator	CVCVC	poly	big	CVCVC	myfit	myfitim myfidim	0	1	0
COR	vacillator	CVCVC	poly	big	CVCVC	nakit	nakitim nakidim	0	1	0
COR	vacillator	CVCVC	poly	big	CVCVC	reʃit	reʃitim reʃidim	0	1	0
COR	vacillator	CVCVC	poly	big	CVCVC	ʃerit	ʃeritim ʃeridim	0	1	0
COR	vacillator	CVCVC	poly	big	CVCVC	tirit	tiritim tiridim	0	1	0
COR	vacillator	CVCVC	poly	big	CVCVC	lʲahit	lʲahitim lʲahidim	0	1	0
COR	vacillator	CVCVC	poly	big	CVCVC	tejit	tejidim tejitim	0	1	0
COR	vacillator	CVCVC	poly	big	CVCVC	hamut	hamutum hamudum	1	1	1
COR	vacillator	CVCVC	poly	big	CVCVC	mesut	mesutum mesudum	1	1	1
COR	vacillator	CVCVC	poly	big	CVCVC	velut	velutum veludum	1	1	1
COR	voiced	CVCVC	poly	big	CVCVC	balad	baladɯm	1	0	0
COR	voiced	CVCVC	poly	big	CVCVC	saded	sadedim	0	0	0
COR	voiced	CVCVC	poly	big	CVCVC	metod	metodum	1	0	1
COR	voiceless	CVCVC	poly	big	CVCVC	berat	bera:tɯm	1	0	0
COR	voiceless	CVCVC	poly	big	CVCVC	bidat	bidatɯm	1	0	0
COR	voiceless	CVCVC	poly	big	CVCVC	fakat	fakatɯm	1	0	0
COR	voiceless	CVCVC	poly	big	CVCVC	fɯrat	fɯratɯm	1	0	0
COR	voiceless	CVCVC	poly	big	CVCVC	fijat	fijatɯm	1	0	0
COR	voiceless	CVCVC	poly	big	CVCVC	galat	galatɯm	1	0	0
COR	voiceless	CVCVC	poly	big	CVCVC	halat	halatɯm	1	0	0
COR	voiceless	CVCVC	poly	big	CVCVC	hajat	haja:tɯm	1	0	0
COR	voiceless	CVCVC	poly	big	CVCVC	kavat	kavatɯm	1	0	0
COR	voiceless	CVCVC	poly	big	CVCVC	kɯrat	kɯratɯm	1	0	0
COR	voiceless	CVCVC	poly	big	CVCVC	lʲugat	lʲugatɯm	1	0	0
COR	voiceless	CVCVC	poly	big	CVCVC	memat	mema:tɯm	1	0	0
COR	voiceless	CVCVC	poly	big	CVCVC	nebat	nebatɯm	1	0	0
COR	voiceless	CVCVC	poly	big	CVCVC	pusat	pusatɯm	1	0	0
COR	voiceless	CVCVC	poly	big	CVCVC	rahat	rahatɯm	1	0	0
COR	voiceless	CVCVC	poly	big	CVCVC	riʤat	riʤatɯm	1	0	0
COR	voiceless	CVCVC	poly	big	CVCVC	ʃubat	ʃubatɯm	1	0	0
COR	voiceless	CVCVC	poly	big	CVCVC	sakat	sakatɯm	1	0	0
COR	voiceless	CVCVC	poly	big	CVCVC	sanat	sanatɯm	1	0	0
COR	voiceless	CVCVC	poly	big	CVCVC	sebat	seba:tɯm	1	0	0
COR	voiceless	CVCVC	poly	big	CVCVC	sɯfat	sɯfatɯm	1	0	0
COR	voiceless	CVCVC	poly	big	CVCVC	sɯrat	sɯratɯm	1	0	0
COR	voiceless	CVCVC	poly	big	CVCVC	syrat	syratim	1	0	0
COR	voiceless	CVCVC	poly	big	CVCVC	surat	suratɯm	1	0	0
COR	voiceless	CVCVC	poly	big	CVCVC	tirat	tiratɯm	1	0	0
COR	voiceless	CVCVC	poly	big	CVCVC	vasat	vasatɯm	1	0	0
COR	voiceless	CVCVC	poly	big	CVCVC	vefat	vefa:tɯm	1	0	0
COR	voiceless	CVCVC	poly	big	CVCVC	vysat	vysatɯm	1	0	0
COR	voiceless	CVCVC	poly	big	CVCVC	zevat	zeva:tɯm	1	0	0
COR	voiceless	CVCVC	poly	big	CVCVC	kerat	keratɯm	1	0	0
COR	voiceless	CVCVC	poly	big	CVCVC	lygʲat	lygʲatɯm	1	0	0
COR	voiceless	CVCVC	poly	big	CVCVC	rekʲat	rekʲatɯm	1	0	0
COR	voiceless	CVCVC	poly	big	CVCVC	sihat	sihatɯm	1	0	0
COR	voiceless	CVCVC	poly	big	CVCVC	zekʲat	zekʲatɯm	1	0	0
COR	voiceless	CVCVC	poly	big	CVCVC	bilet	biletim	0	0	0
COR	voiceless	CVCVC	poly	big	CVCVC	buket	buketim	0	0	0
COR	voiceless	CVCVC	poly	big	CVCVC	ʤihet	ʤihetim	0	0	0
COR	voiceless	CVCVC	poly	big	CVCVC	demet	demetim	0	0	0
COR	voiceless	CVCVC	poly	big	CVCVC	denet	denetim	0	0	0
COR	voiceless	CVCVC	poly	big	CVCVC	hejet	hejetim	0	0	0
COR	voiceless	CVCVC	poly	big	CVCVC	ʒilet	ʒiletim	0	0	0
COR	voiceless	CVCVC	poly	big	CVCVC	kaset	kasetim	0	0	0
COR	voiceless	CVCVC	poly	big	CVCVC	kenet	kenetim	0	0	0
COR	voiceless	CVCVC	poly	big	CVCVC	koket	koketim	0	0	0
COR	voiceless	CVCVC	poly	big	CVCVC	kyvet	kyvetim	0	0	0
COR	voiceless	CVCVC	poly	big	CVCVC	kuʃet	kuʃetim	0	0	0
COR	voiceless	CVCVC	poly	big	CVCVC	liret	liretim	0	0	0
COR	voiceless	CVCVC	poly	big	CVCVC	maket	maketim	0	0	0
COR	voiceless	CVCVC	poly	big	CVCVC	meret	meretim	0	0	0
COR	voiceless	CVCVC	poly	big	CVCVC	neʃet	neʃetim	0	0	0
COR	voiceless	CVCVC	poly	big	CVCVC	nijet	nijetim	0	0	0
COR	voiceless	CVCVC	poly	big	CVCVC	nøbet	nøbetim	0	0	0
COR	voiceless	CVCVC	poly	big	CVCVC	paket	paketim	0	0	0
COR	voiceless	CVCVC	poly	big	CVCVC	palet	paletim	0	0	0
COR	voiceless	CVCVC	poly	big	CVCVC	pipet	pipetim	0	0	0
COR	voiceless	CVCVC	poly	big	CVCVC	puset	pusetim	0	0	0
COR	voiceless	CVCVC	poly	big	CVCVC	raket	raketim	0	0	0
COR	voiceless	CVCVC	poly	big	CVCVC	roket	roketim	0	0	0
COR	voiceless	CVCVC	poly	big	CVCVC	rozet	rozetim	0	0	0
COR	voiceless	CVCVC	poly	big	CVCVC	sepet	sepetim	0	0	0
COR	voiceless	CVCVC	poly	big	CVCVC	taret	taretim	0	0	0
COR	voiceless	CVCVC	poly	big	CVCVC	tibet	tibetim	0	0	0
COR	voiceless	CVCVC	poly	big	CVCVC	basit	basitim	0	1	0
COR	voiceless	CVCVC	poly	big	CVCVC	bejit	bejitim	0	1	0
COR	voiceless	CVCVC	poly	big	CVCVC	dikit	dikitim	0	1	0
COR	voiceless	CVCVC	poly	big	CVCVC	gɯrit	gɯritim	0	1	0
COR	voiceless	CVCVC	poly	big	CVCVC	girit	giritim	0	1	0
COR	voiceless	CVCVC	poly	big	CVCVC	hitit	hititim	0	1	0
COR	voiceless	CVCVC	poly	big	CVCVC	kesit	kesitim	0	1	0
COR	voiceless	CVCVC	poly	big	CVCVC	limit	limitim	0	1	0
COR	voiceless	CVCVC	poly	big	CVCVC	muhit	muhitim	0	1	0
COR	voiceless	CVCVC	poly	big	CVCVC	simit	simitim	0	1	0
COR	voiceless	CVCVC	poly	big	CVCVC	tesit	tesitim	0	1	0
COR	voiceless	CVCVC	poly	big	CVCVC	tyvit	tyvitim	0	1	0
COR	voiceless	CVCVC	poly	big	CVCVC	vakit	vaktim	0	1	0
COR	voiceless	CVCVC	poly	big	CVCVC	filit	filitim	0	1	0
COR	voiceless	CVCVC	poly	big	CVCVC	ʧɯfɯt	ʧɯfɯtɯm	1	1	0
COR	voiceless	CVCVC	poly	big	CVCVC	kalɯt	kalɯtɯm	1	1	0
COR	voiceless	CVCVC	poly	big	CVCVC	kanɯt	kanɯtɯm	1	1	0
COR	voiceless	CVCVC	poly	big	CVCVC	kɯsɯt	kɯsɯtɯm	1	1	0
COR	voiceless	CVCVC	poly	big	CVCVC	jakɯt	jakɯtɯm	1	1	0
COR	voiceless	CVCVC	poly	big	CVCVC	janɯt	janɯtɯm	1	1	0
COR	voiceless	CVCVC	poly	big	CVCVC	japɯt	japɯtɯm	1	1	0
COR	voiceless	CVCVC	poly	big	CVCVC	zabɯt	zabtɯm	1	1	0
COR	voiceless	CVCVC	poly	big	CVCVC	taʃɯt	taʃɯtɯm	1	1	0
COR	voiceless	CVCVC	poly	big	CVCVC	bujot	bujotum	1	0	1
COR	voiceless	CVCVC	poly	big	CVCVC	fagot	fagotum	1	0	1
COR	voiceless	CVCVC	poly	big	CVCVC	gavot	gavotum	1	0	1
COR	voiceless	CVCVC	poly	big	CVCVC	kokot	kokotum	1	0	1
COR	voiceless	CVCVC	poly	big	CVCVC	kylot	kylotum	1	0	1
COR	voiceless	CVCVC	poly	big	CVCVC	mazot	mazotum	1	0	1
COR	voiceless	CVCVC	poly	big	CVCVC	pilot	pilotum	1	0	1
COR	voiceless	CVCVC	poly	big	CVCVC	robot	robotum	1	0	1
COR	voiceless	CVCVC	poly	big	CVCVC	barut	barutum	1	1	1
COR	voiceless	CVCVC	poly	big	CVCVC	bojut	bojutum	1	1	1
COR	voiceless	CVCVC	poly	big	CVCVC	bulut	bulutum	1	1	1
COR	voiceless	CVCVC	poly	big	CVCVC	ʧaput	ʧaputum	1	1	1
COR	voiceless	CVCVC	poly	big	CVCVC	havut	havutum	1	1	1
COR	voiceless	CVCVC	poly	big	CVCVC	kaput	kaputum	1	1	1
COR	voiceless	CVCVC	poly	big	CVCVC	komut	komutum	1	1	1
COR	voiceless	CVCVC	poly	big	CVCVC	konut	konutum	1	1	1
COR	voiceless	CVCVC	poly	big	CVCVC	lobut	lobutum	1	1	1
COR	voiceless	CVCVC	poly	big	CVCVC	mamut	mamutum	1	1	1
COR	voiceless	CVCVC	poly	big	CVCVC	nohut	nohutum	1	1	1
COR	voiceless	CVCVC	poly	big	CVCVC	nukut	nukutum	1	1	1
COR	voiceless	CVCVC	poly	big	CVCVC	somut	somutum	1	1	1
COR	voiceless	CVCVC	poly	big	CVCVC	sojut	sojutum	1	1	1
COR	voiceless	CVCVC	poly	big	CVCVC	sybut	sybutum	1	1	1
COR	voiceless	CVCVC	poly	big	CVCVC	tabut	tabutum	1	1	1
COR	voiceless	CVCVC	poly	big	CVCVC	jahut	jahutum	1	1	1
COR	voiceless	CVCVC	poly	big	CVCVC	kurut	kurutum	1	1	1
COR	voiceless	CVCVC	poly	big	CVCVC	sykʲut	sykʲutum	1	1	1
COR	voiceless	CVCVC	poly	big	CVCVC	byryt	byrytym	0	1	1
COR	voiceless	CVCVC	poly	big	CVCVC	fylyt	fylytym	0	1	1
COR	alternating	CVCVCC	poly	big	CVCVC	bylent	bylendim	0	0	0
COR	alternating	CVCVCC	poly	big	CVCVC	kement	kemendim	0	0	0
COR	alternating	CVCVCC	poly	big	CVCVC	levent	levendim	0	0	0
COR	voiced	CVCVCC	poly	big	CVCVC	sɯlajd	sɯlajdɯm	1	0	0
COR	voiceless	CVCVCC	poly	big	CVCVC	balast	balastɯm	1	0	0
COR	voiceless	CVCVCC	poly	big	CVCVC	kobalt	kobaltɯm	1	0	0
COR	voiceless	CVCVCC	poly	big	CVCVC	kokart	kokartɯm	1	0	0
COR	voiceless	CVCVCC	poly	big	CVCVC	lokavt	lokavtɯm	1	0	0
COR	voiceless	CVCVCC	poly	big	CVCVC	nakavt	nakavtɯm	1	0	0
COR	voiceless	CVCVCC	poly	big	CVCVC	kɯraft	kɯraftɯm	1	0	0
COR	voiceless	CVCVCC	poly	big	CVCVC	ʤømert	ʤømertim	0	0	0
COR	voiceless	CVCVCC	poly	big	CVCVC	doʧent	doʧentim	0	0	0
COR	voiceless	CVCVCC	poly	big	CVCVC	kuvejt	kuvejtim	0	0	0
COR	voiceless	CVCVCC	poly	big	CVCVC	moment	momentim	0	0	0
COR	voiceless	CVCVCC	poly	big	CVCVC	patent	patentim	0	0	0
COR	voiceless	CVCVCC	poly	big	CVCVC	budist	budistim	0	1	0
COR	voiceless	CVCVCC	poly	big	CVCVC	faʃist	faʃistim	0	1	0
COR	voiceless	CVCVCC	poly	big	CVCVC	girift	giriftim	0	1	0
COR	voiceless	CVCVCC	poly	big	CVCVC	goʃist	goʃistim	0	1	0
COR	voiceless	CVCVCC	poly	big	CVCVC	korint	korintim	0	1	0
COR	voiceless	CVCVCC	poly	big	CVCVC	sadist	sadistim	0	1	0
COR	voiceless	CVCVCC	poly	big	CVCVC	turist	turistim	0	1	0
COR	voiceless	CVCVCC	poly	big	CVCVC	ʃakɯrt	ʃakɯrtɯm	1	1	0
COR	voiceless	CVCVCC	poly	big	CVCVC	fijort	fijortum	1	0	1
COR	voiceless	CVCVCC	poly	big	CVCVC	vikont	vikontum	1	0	1
COR	voiceless	CVCVCC	poly	big	CVCVC	filørt	filørtym	0	0	1
COR	voiceless	CVCVCC	poly	big	CVCVC	dyryst	dyrystym	0	1	1
COR	voiceless	CVCVCC	poly	big	CVCVC	kykyrt	kykyrtym	0	1	1
COR	alternating	CVCVCCVC	poly	big	CVCVC	myʤellet	myʤelledim	0	0	0
COR	alternating	CVCVCCVC	poly	big	CVCVC	muhammet	muhammedim	0	0	0
COR	alternating	CVCVCCVC	poly	big	CVCVC	mukajjet	mukajjedim	0	0	0
COR	alternating	CVCVCCVC	poly	big	CVCVC	mynekkit	mynekkidim	0	1	0
COR	alternating	CVCVCCVC	poly	big	CVCVC	mukajjit	mukajjidim	0	1	0
COR	alternating	CVCVCCVC	poly	big	CVCVC	peroksit	peroksidim	0	1	0
COR	alternating	CVCVCCVC	poly	big	CVCVC	mukallit	mukallidim	0	1	0
COR	alternating	CVCVCCVC	poly	big	CVCVC	takajjyt	takajjydym	0	1	1
COR	alternating	CVCVCCVC	poly	big	CVCVC	teʤeddyt	teʤeddydym	0	1	1
COR	alternating	CVCVCCVC	poly	big	CVCVC	teʤellyt	teʤellydym	0	1	1
COR	alternating	CVCVCCVC	poly	big	CVCVC	teʤerryt	teʤerrydym	0	1	1
COR	alternating	CVCVCCVC	poly	big	CVCVC	temerryt	temerrydym	0	1	1
COR	alternating	CVCVCCVC	poly	big	CVCVC	teʃehhyt	teʃehhydym	0	1	1
COR	alternating	CVCVCCVC	poly	big	CVCVC	tevellyt	tevellydym	0	1	1
COR	vacillator	CVCVCCVC	poly	big	CVCVC	myʤerret	myʤerretim myʤerredim	0	0	0
COR	vacillator	CVCVCCVC	poly	big	CVCVC	tarassut	tarassutum tarassudum	1	1	1
COR	vacillator	CVCVCCVC	poly	big	CVCVC	tereddyt	tereddytym tereddydym	0	1	1
COR	voiced	CVCVCCVC	poly	big	CVCVC	myʤedded	myʤeddedim	0	0	0
COR	voiced	CVCVCCVC	poly	big	CVCVC	myʃedded	myʃeddedim	0	0	0
COR	voiceless	CVCVCCVC	poly	big	CVCVC	boʤurgat	boʤurgatɯm	1	0	0
COR	voiceless	CVCVCCVC	poly	big	CVCVC	mazarrat	mazarratɯm	1	0	0
COR	voiceless	CVCVCCVC	poly	big	CVCVC	musallat	musallatɯm	1	0	0
COR	voiceless	CVCVCCVC	poly	big	CVCVC	meʃakkʲat	meʃakkʲatim	1	0	0
COR	voiceless	CVCVCCVC	poly	big	CVCVC	bisiklet	bisikletim	0	0	0
COR	voiceless	CVCVCCVC	poly	big	CVCVC	fytyvvet	fytyvvetim	0	0	0
COR	voiceless	CVCVCCVC	poly	big	CVCVC	meserret	meserretim	0	0	0
COR	voiceless	CVCVCCVC	poly	big	CVCVC	mezellet	mezelletim	0	0	0
COR	voiceless	CVCVCCVC	poly	big	CVCVC	myryvvet	myryvvetim	0	0	0
COR	voiceless	CVCVCCVC	poly	big	CVCVC	zeberʤet	zeberʤetim	0	0	0
COR	voiceless	CVCVCCVC	poly	big	CVCVC	kɯlʲarnet	kɯlʲarnetim	0	0	0
COR	voiceless	CVCVCCVC	poly	big	CVCVC	kuvartet	kuvartetim	0	0	0
COR	voiceless	CVCVCCVC	poly	big	CVCVC	tɯrampet	tɯrampetim	0	0	0
COR	voiceless	CVCVCCVC	poly	big	CVCVC	farenʒit	farenʒitim	0	1	0
COR	voiceless	CVCVCCVC	poly	big	CVCVC	komandit	komanditim	0	1	0
COR	voiceless	CVCVCCVC	poly	big	CVCVC	menenʒit	menenʒitim	0	1	0
COR	voiceless	CVCVCCVC	poly	big	CVCVC	myʤellit	myʤellitim	0	1	0
COR	voiceless	CVCVCCVC	poly	big	CVCVC	sinagrit	sinagritim	0	1	0
COR	voiceless	CVCVCCVC	poly	big	CVCVC	volespit	volespitim	0	1	0
COR	voiceless	CVCVCCVC	poly	big	CVCVC	lʲarenʒit	lʲarenʒitim	0	1	0
COR	voiceless	CVCVCCVC	poly	big	CVCVC	tɯransit	tɯransitim	0	1	0
COR	voiceless	CVCVCCVC	poly	big	CVCVC	redingot	redingotum	1	0	1
COR	voiceless	CVCVCCVC	poly	big	CVCVC	dɯretnot	dɯretnotum	1	0	1
COR	voiceless	CVCVCCVC	poly	big	CVCVC	tabɯldot	tabɯldotum	1	0	1
COR	voiceless	CVCVCCVC	poly	big	CVCVC	tasallut	tasallutum	1	1	1
COR	voiceless	CVCVCCVC	poly	big	CVCVC	tavassut	tavassutum	1	1	1
COR	voiceless	CVCVCCVC	poly	big	CVCVC	ʤeberrut	ʤeberrutum	1	1	1
COR	voiceless	CVCVCCVC	poly	big	CVCVC	teʃeddyt	teʃeddytym	0	1	1
COR	voiced	CVCVCCVCC	poly	big	CVCVC	gɯrønland	gɯrønlandɯm	1	0	0
COR	voiced	CVCVCCVCC	poly	big	CVCVC	rodajlɯnd	rodajlɯndɯm	1	1	0
COR	voiceless	CVCVCCVCC	poly	big	CVCVC	semerkant	semerkantɯm	1	0	0
COR	voiceless	CVCVCCVCC	poly	big	CVCVC	malazgirt	malazgirtim	0	1	0
COR	voiceless	CVCVCCVCVC	poly	big	CVCVC	bikarbonat	bikarbonatɯm	1	0	0
COR	voiceless	CVCVCCVCVC	poly	big	CVCVC	mydevvenat	mydevvena:tɯm	1	0	0
COR	voiceless	CVCVCCVCVC	poly	big	CVCVC	mykejjifat	mykejjifa:tɯm	1	0	0
COR	voiceless	CVCVCCVCVC	poly	big	CVCVC	myrettebat	myretteba:tɯm	1	0	0
COR	voiceless	CVCVCCVCVCC	poly	big	CVCVC	havɯrkɯraft	havɯrkɯraftɯm	1	0	0
COR	voiceless	CVCVCCVCVCC	poly	big	CVCVC	materjalist	materjalistim	0	1	0
COR	voiceless	CVCVCCVVC	poly	big	CVCVC	teferruat	teferruatɯm	1	0	0
COR	voiceless	CVCVCCVVC	poly	big	CVCVC	ʧalarsaat	ʧalarsaatim	1	0	0
COR	alternating	CVCVCVC	poly	big	CVCVC	kujudat	kujuda:dɯm	1	0	0
COR	alternating	CVCVCVC	poly	big	CVCVC	kerevit	kerevidim	0	1	0
COR	alternating	CVCVCVC	poly	big	CVCVC	kiremit	kiremidim	0	1	0
COR	alternating	CVCVCVC	poly	big	CVCVC	mynakit	mynakidim	0	1	0
COR	alternating	CVCVCVC	poly	big	CVCVC	mutekit	mutekidim	0	1	0
COR	alternating	CVCVCVC	poly	big	CVCVC	tezajyt	tezajydym	0	1	1
COR	voiceless	CVCVCVC	poly	big	CVCVC	ʧatapat	ʧatapatɯm	1	0	0
COR	voiceless	CVCVCVC	poly	big	CVCVC	ʤerahat	ʤerahatim	1	0	0
COR	voiceless	CVCVCVC	poly	big	CVCVC	fytuhat	fytuhatɯm	1	0	0
COR	voiceless	CVCVCVC	poly	big	CVCVC	gidiʃat	gidiʃa:tɯm	1	0	0
COR	voiceless	CVCVCVC	poly	big	CVCVC	haʤamat	haʤamatɯm	1	0	0
COR	voiceless	CVCVCVC	poly	big	CVCVC	haʤivat	haʤivatɯm	1	0	0
COR	voiceless	CVCVCVC	poly	big	CVCVC	hamarat	hamaratɯm	1	0	0
COR	voiceless	CVCVCVC	poly	big	CVCVC	harabat	haraba:tɯm	1	0	0
COR	voiceless	CVCVCVC	poly	big	CVCVC	haʃarat	haʃaratɯm	1	0	0
COR	voiceless	CVCVCVC	poly	big	CVCVC	hububat	hububa:tɯm	1	0	0
COR	voiceless	CVCVCVC	poly	big	CVCVC	kabahat	kabahatim	1	0	0
COR	voiceless	CVCVCVC	poly	big	CVCVC	kalafat	kalafatɯm	1	0	0
COR	voiceless	CVCVCVC	poly	big	CVCVC	kazemat	kazema:tɯm	1	0	0
COR	voiceless	CVCVCVC	poly	big	CVCVC	kazurat	kazuratɯm	1	0	0
COR	voiceless	CVCVCVC	poly	big	CVCVC	kerahat	kerahatim	1	0	0
COR	voiceless	CVCVCVC	poly	big	CVCVC	lʲubijat	lʲubijatɯm	1	0	0
COR	voiceless	CVCVCVC	poly	big	CVCVC	melekʲat	melekʲa:tɯm	1	0	0
COR	voiceless	CVCVCVC	poly	big	CVCVC	mynaʤat	mynaʤa:tɯm	1	0	0
COR	voiceless	CVCVCVC	poly	big	CVCVC	nakarat	nakaratɯm	1	0	0
COR	voiceless	CVCVCVC	poly	big	CVCVC	nasihat	nasihatim	1	0	0
COR	voiceless	CVCVCVC	poly	big	CVCVC	ʃatafat	ʃatafatɯm	1	0	0
COR	voiceless	CVCVCVC	poly	big	CVCVC	safahat	safahatɯm	1	0	0
COR	voiceless	CVCVCVC	poly	big	CVCVC	sakatat	sakatatɯm	1	0	0
COR	voiceless	CVCVCVC	poly	big	CVCVC	sarahat	sarahatim	1	0	0
COR	voiceless	CVCVCVC	poly	big	CVCVC	sejahat	sejahatim	1	0	0
COR	voiceless	CVCVCVC	poly	big	CVCVC	vefijat	vefijatɯm	1	0	0
COR	voiceless	CVCVCVC	poly	big	CVCVC	zuhurat	zuhuratɯm	1	0	0
COR	voiceless	CVCVCVC	poly	big	CVCVC	belʲahat	belʲahatim	1	0	0
COR	voiceless	CVCVCVC	poly	big	CVCVC	berahat	berahatɯm	1	0	0
COR	voiceless	CVCVCVC	poly	big	CVCVC	kɯravat	kɯravatɯm	1	0	0
COR	voiceless	CVCVCVC	poly	big	CVCVC	mykʲafat	mykʲa:fa:tɯm	1	0	0
COR	voiceless	CVCVCVC	poly	big	CVCVC	mylʲakat	mylʲaka:tɯm	1	0	0
COR	voiceless	CVCVCVC	poly	big	CVCVC	bereket	bereketim	0	0	0
COR	voiceless	CVCVCVC	poly	big	CVCVC	ʤemijet	ʤemijetim	0	0	0
COR	voiceless	CVCVCVC	poly	big	CVCVC	denajet	denajetim	0	0	0
COR	voiceless	CVCVCVC	poly	big	CVCVC	dijabet	dijabetim	0	0	0
COR	voiceless	CVCVCVC	poly	big	CVCVC	fazilet	faziletim	0	0	0
COR	voiceless	CVCVCVC	poly	big	CVCVC	hamijet	hamijetim	0	0	0
COR	voiceless	CVCVCVC	poly	big	CVCVC	hareket	hareketim	0	0	0
COR	voiceless	CVCVCVC	poly	big	CVCVC	hezimet	hezimetim	0	0	0
COR	voiceless	CVCVCVC	poly	big	CVCVC	hyvijet	hyvijetim	0	0	0
COR	voiceless	CVCVCVC	poly	big	CVCVC	katijet	katijetim	0	0	0
COR	voiceless	CVCVCVC	poly	big	CVCVC	kemijet	kemijetim	0	0	0
COR	voiceless	CVCVCVC	poly	big	CVCVC	kerevet	kerevetim	0	0	0
COR	voiceless	CVCVCVC	poly	big	CVCVC	marifet	marifetim	0	0	0
COR	voiceless	CVCVCVC	poly	big	CVCVC	merijet	merijetim	0	0	0
COR	voiceless	CVCVCVC	poly	big	CVCVC	mezijet	mezijetim	0	0	0
COR	voiceless	CVCVCVC	poly	big	CVCVC	ʃahadet	ʃahadetim	0	0	0
COR	voiceless	CVCVCVC	poly	big	CVCVC	tilʲavet	tilʲavetim	0	0	0
COR	voiceless	CVCVCVC	poly	big	CVCVC	tuvalet	tuvaletim	0	0	0
COR	voiceless	CVCVCVC	poly	big	CVCVC	vagonet	vagonetim	0	0	0
COR	voiceless	CVCVCVC	poly	big	CVCVC	vasijet	vasijetim	0	0	0
COR	voiceless	CVCVCVC	poly	big	CVCVC	vazijet	vazijetim	0	0	0
COR	voiceless	CVCVCVC	poly	big	CVCVC	kɯriket	kɯriketim	0	0	0
COR	voiceless	CVCVCVC	poly	big	CVCVC	bakalit	bakalitim	0	1	0
COR	voiceless	CVCVCVC	poly	big	CVCVC	borasit	borasitim	0	1	0
COR	voiceless	CVCVCVC	poly	big	CVCVC	parazit	parazitim	0	1	0
COR	voiceless	CVCVCVC	poly	big	CVCVC	sinarit	sinaritim	0	1	0
COR	voiceless	CVCVCVC	poly	big	CVCVC	gɯranit	gɯranitim	0	1	0
COR	voiceless	CVCVCVC	poly	big	CVCVC	feribot	feribotum	1	0	1
COR	voiceless	CVCVCVC	poly	big	CVCVC	kamarot	kamarotum	1	0	1
COR	voiceless	CVCVCVC	poly	big	CVCVC	kaʃalot	kaʃalotum	1	0	1
COR	voiceless	CVCVCVC	poly	big	CVCVC	palamut	palamutum	1	1	1
COR	voiceless	CVCVCVC	poly	big	CVCVC	paraʃyt	paraʃytym	0	1	1
COR	voiceless	CVCVCVCC	poly	big	CVCVC	dominant	dominantɯm	1	0	0
COR	voiceless	CVCVCVCC	poly	big	CVCVC	katarakt	kataraktɯm	1	0	0
COR	voiceless	CVCVCVCC	poly	big	CVCVC	laborant	laborantɯm	1	0	0
COR	voiceless	CVCVCVCC	poly	big	CVCVC	køʃebent	køʃebentim	0	0	0
COR	voiceless	CVCVCVCC	poly	big	CVCVC	lʲabirent	lʲabirentim	0	0	0
COR	voiceless	CVCVCVCC	poly	big	CVCVC	lʲaʤivert	lʲaʤivertim	0	0	0
COR	voiceless	CVCVCVCC	poly	big	CVCVC	labirent	labirentim	0	0	0
COR	voiceless	CVCVCVCC	poly	big	CVCVC	dijalekt	dijalektim	0	0	0
COR	voiceless	CVCVCVCC	poly	big	CVCVC	fatalist	fatalistim	0	1	0
COR	voiceless	CVCVCVCC	poly	big	CVCVC	feminist	feministim	0	1	0
COR	voiceless	CVCVCVCC	poly	big	CVCVC	fytyrist	fytyristim	0	1	0
COR	voiceless	CVCVCVCC	poly	big	CVCVC	hymanist	hymanistim	0	1	0
COR	voiceless	CVCVCVCC	poly	big	CVCVC	kemalist	kemalistim	0	1	0
COR	voiceless	CVCVCVCC	poly	big	CVCVC	makinist	makinistim	0	1	0
COR	voiceless	CVCVCVCC	poly	big	CVCVC	nihilist	nihilistim	0	1	0
COR	voiceless	CVCVCVCC	poly	big	CVCVC	pesimist	pesimistim	0	1	0
COR	voiceless	CVCVCVCC	poly	big	CVCVC	sijonist	sijonistim	0	1	0
COR	voiceless	CVCVCVCC	poly	big	CVCVC	pasaport	pasaportum	1	0	1
COR	alternating	CVCVCVCCVC	poly	big	CVCVC	myteʤeddit	myteʤeddidim	0	1	0
COR	alternating	CVCVCVCCVC	poly	big	CVCVC	myteʤellit	myteʤellidim	0	1	0
COR	alternating	CVCVCVCCVC	poly	big	CVCVC	mytemerrit	mytemerridim	0	1	0
COR	alternating	CVCVCVCCVC	poly	big	CVCVC	mytevellit	mytevellidim	0	1	0
COR	vacillator	CVCVCVCCVC	poly	big	CVCVC	mytereddit	myteredditim mytereddidim	0	1	0
COR	voiceless	CVCVCVCCVC	poly	big	CVCVC	mytevassɯt	mytevassɯtɯm	1	1	0
COR	voiceless	CVCVCVCCVC	poly	big	CVCVC	mutavassɯt	mutavassɯtɯm	1	1	0
COR	alternating	CVCVCVCVC	poly	big	CVCVC	pilebisit	pilebisidim	0	1	0
COR	vacillator	CVCVCVCVC	poly	big	CVCVC	sarɯkanat	sarɯkanatɯm sarɯkanadɯm	1	0	0
COR	voiceless	CVCVCVCVC	poly	big	CVCVC	muvafakat	mua:fakatɯm	1	0	0
COR	voiceless	CVCVCVCVC	poly	big	CVCVC	mutabakat	mutabakatɯm	1	0	0
COR	voiceless	CVCVCVCVC	poly	big	CVCVC	salisilat	salisilatɯm	1	0	0
COR	voiceless	CVCVCVCVC	poly	big	CVCVC	myʃirijet	myʃirijetim	0	0	0
COR	voiceless	CVCVCVCVC	poly	big	CVCVC	mugajeret	mugajeretim	0	0	0
COR	voiceless	CVCVCVCVC	poly	big	CVCVC	muhalefet	muhalefetim	0	0	0
COR	voiceless	CVCVCVCVC	poly	big	CVCVC	kababulut	kababulutum	1	1	1
COR	voiceless	CVCVCVCVC	poly	big	CVCVC	kymebulut	kymebulutum	1	1	1
COR	voiceless	CVCVCVCVCC	poly	big	CVCVC	løkopɯlast	løkopɯlastɯm	1	0	0
COR	voiceless	CVCVCVCVCC	poly	big	CVCVC	natyralist	natyralistim	0	1	0
COR	alternating	CVCVCVVC	poly	big	CVCVC	mytekait	mytekaidim	0	1	0
COR	voiceless	CVCVCVVC	poly	big	CVCVC	mutavaat	mutavaatɯm	1	0	0
COR	voiceless	CVCVCVVC	poly	big	CVCVC	harekʲa:t	harekʲa:tɯm	1	0	0
COR	voiceless	CVCVCVVC	poly	big	CVCVC	podysyet	podysyetim	0	0	0
COR	voiceless	CVCVCVVC	poly	big	CVCVC	podisyet	podisyetim	0	0	0
COR	voiceless	CVCVCVVC	poly	big	CVCVC	hemaroit	hemaroitim	0	1	0
COR	voiceless	CVCVCVVC	poly	big	CVCVC	selyløit	selyloitim	0	1	0
COR	voiceless	CVCVCVVC	poly	big	CVCVC	selyloit	selyloitim	0	1	0
COR	voiceless	CVCVCVVC	poly	big	CVCVC	solenoit	solenoitim	0	1	0
COR	alternating	CVCVCVVCVC	poly	big	CVCVC	myteva:rit	myteva:ridim	0	1	0
COR	vacillator	CVCVCVVCVC	poly	big	CVCVC	myteza:jit	myteza:jitim myteza:jidim	0	1	0
COR	vacillator	CVCVCVVCVC	poly	big	CVCVC	mytesa:nit	mytesa:nitim mytesa:nidim	0	1	0
COR	voiceless	CVCVCVVVC	poly	big	CVCVC	myteka:it	myteka:itim	0	1	0
COR	voiceless	CVCVVC	poly	big	CVCVC	ʤemaat	ʤemaatim	1	0	0
COR	voiceless	CVCVVC	poly	big	CVCVC	feʤaat	feʤaatim	1	0	0
COR	voiceless	CVCVVC	poly	big	CVCVC	kanaat	kanaatim	1	0	0
COR	voiceless	CVCVVC	poly	big	CVCVC	ʃefaat	ʃefaatim	1	0	0
COR	voiceless	CVCVVC	poly	big	CVCVC	ʃenaat	ʃenaatim	1	0	0
COR	voiceless	CVCVVC	poly	big	CVCVC	ʃeriat	ʃeriatɯm	1	0	0
COR	voiceless	CVCVVC	poly	big	CVCVC	tabiat	tabiatɯm	1	0	0
COR	voiceless	CVCVVC	poly	big	CVCVC	zanaat	zanaatim	1	0	0
COR	voiceless	CVCVVC	poly	big	CVCVC	zenaat	zenaatim	1	0	0
COR	voiceless	CVCVVC	poly	big	CVCVC	ziraat	ziraatim	1	0	0
COR	voiceless	CVCVVC	poly	big	CVCVC	kɯra:t	kɯra:tɯm	1	0	0
COR	voiceless	CVCVVC	poly	big	CVCVC	nekaat	nekaatim	1	0	0
COR	voiceless	CVCVVC	poly	big	CVCVC	ʃeʤa:t	ʃeʤa:tɯm	1	0	0
COR	voiceless	CVCVVC	poly	big	CVCVC	tulʲuat	tulʲuatɯm	1	0	0
COR	voiceless	CVCVVC	poly	big	CVCVC	mevait	mevaitim	0	1	0
COR	voiceless	CVCVVC	poly	big	CVCVC	tiroit	tiroitim	0	1	0
COR	voiceless	CVCVVC	poly	big	CVCVC	vesait	vesaitim	0	1	0
COR	voiceless	CVCVVC	poly	big	CVCVC	mysait	mysaitim	0	1	0
COR	alternating	CVCVVCCVC	poly	big	CVCVC	myteahhit	myteahhidim	0	1	0
COR	voiced	CVCVVCCVC	poly	big	CVCVC	myteaddid	myteaddidim	0	1	0
COR	voiceless	CVCVVCCVC	poly	big	CVCVC	myteaddit	myteadditim	0	1	0
COR	alternating	CVCVVCVC	poly	big	CVCVC	bari:kat	bari:kadɯm	1	0	0
COR	alternating	CVCVVCVC	poly	big	CVCVC	mute:met	mutemedim	0	0	0
COR	alternating	CVCVVCVC	poly	big	CVCVC	myʃa:hit	myʃa:hidim	0	1	0
COR	alternating	CVCVVCVC	poly	big	CVCVC	teza:jyt	teza:jydym	0	1	1
COR	alternating	CVCVVCVC	poly	big	CVCVC	tesa:nyt	tesa:nydym	0	1	1
COR	voiceless	CVCVVCVC	poly	big	CVCVC	haʤi:vat	haʤi:vatɯm	1	0	0
COR	voiceless	CVCVVCVC	poly	big	CVCVC	myʤa:zat	myʤa:za:tɯm	1	0	0
COR	voiceless	CVCVVCVC	poly	big	CVCVC	sefa:hat	sefa:hatim	1	0	0
COR	voiceless	CVCVVCVC	poly	big	CVCVC	belʲa:gʲat	belʲa:gʲatim	1	0	0
COR	voiceless	CVCVVCVC	poly	big	CVCVC	beja:nat	beja:na:tɯm	1	0	0
COR	voiceless	CVCVVCVC	poly	big	CVCVC	fera:gʲat	fera:gʲatim	1	0	0
COR	voiceless	CVCVVCVC	poly	big	CVCVC	lija:kat	lija:katɯm	1	0	0
COR	voiceless	CVCVVCVC	poly	big	CVCVC	mesa:mat	mesa:ma:tɯm	1	0	0
COR	voiceless	CVCVVCVC	poly	big	CVCVC	mysa:vat	mysa:va:tɯm	1	0	0
COR	voiceless	CVCVVCVC	poly	big	CVCVC	peʃi:nat	peʃi:natɯm	1	0	0
COR	voiceless	CVCVVCVC	poly	big	CVCVC	refa:kʲat	refa:kʲatim	1	0	0
COR	voiceless	CVCVVCVC	poly	big	CVCVC	sada:kʲat	sada:kʲatim sada:kʲatɯm	1	0	0
COR	voiceless	CVCVVCVC	poly	big	CVCVC	talʲa:kat	talʲa:katim	1	0	0
COR	voiceless	CVCVVCVC	poly	big	CVCVC	tami:rat	tamiratɯm	1	0	0
COR	voiceless	CVCVVCVC	poly	big	CVCVC	dela:let	dela:letim	0	0	0
COR	voiceless	CVCVVCVC	poly	big	CVCVC	haja:let	haja:letim	0	0	0
COR	voiceless	CVCVVCVC	poly	big	CVCVC	lyzu:ʤet	lyzu:ʤetim	0	0	0
COR	voiceless	CVCVVCVC	poly	big	CVCVC	meha:bet	meha:betim	0	0	0
COR	voiceless	CVCVVCVC	poly	big	CVCVC	neʤa:bet	neʤa:betim	0	0	0
COR	voiceless	CVCVVCVC	poly	big	CVCVC	rekʲa:ket	rekʲa:ketim	0	0	0
COR	voiceless	CVCVVCVC	poly	big	CVCVC	reka:ket	reka:ketim	0	0	0
COR	voiceless	CVCVVCVC	poly	big	CVCVC	ʃaka:vet	ʃaka:vetim	0	0	0
COR	voiceless	CVCVVCVC	poly	big	CVCVC	ʃeha:det	ʃeha:detim	0	0	0
COR	voiceless	CVCVVCVC	poly	big	CVCVC	ʃeka:vet	ʃeka:vetim	0	0	0
COR	voiceless	CVCVVCVC	poly	big	CVCVC	saka:let	saka:letim	0	0	0
COR	voiceless	CVCVVCVC	poly	big	CVCVC	sija:net	sija:netim	0	0	0
COR	voiceless	CVCVVCVC	poly	big	CVCVC	syhu:let	syhu:letim	0	0	0
COR	voiceless	CVCVVCVC	poly	big	CVCVC	veza:ret	veza:retim	0	0	0
COR	voiceless	CVCVVCVC	poly	big	CVCVC	basi:ret	basi:retim	0	0	0
COR	voiceless	CVCVVCVC	poly	big	CVCVC	bekʲa:ret	bekʲa:retim	0	0	0
COR	voiceless	CVCVVCVC	poly	big	CVCVC	beʃa:ret	beʃa:retim	0	0	0
COR	voiceless	CVCVVCVC	poly	big	CVCVC	bida:jet	bida:jetim	0	0	0
COR	voiceless	CVCVVCVC	poly	big	CVCVC	ʤeha:let	ʤeha:letim	0	0	0
COR	voiceless	CVCVVCVC	poly	big	CVCVC	ʤela:det	ʤela:detim	0	0	0
COR	voiceless	CVCVVCVC	poly	big	CVCVC	ʤena:bet	ʤena:betim	0	0	0
COR	voiceless	CVCVVCVC	poly	big	CVCVC	ʤesa:met	ʤesa:metim	0	0	0
COR	voiceless	CVCVVCVC	poly	big	CVCVC	ʤesa:ret	ʤesa:retim	0	0	0
COR	voiceless	CVCVVCVC	poly	big	CVCVC	ʤina:jet	ʤina:jetim	0	0	0
COR	voiceless	CVCVVCVC	poly	big	CVCVC	dalʲa:let	dalʲa:letim	0	0	0
COR	voiceless	CVCVVCVC	poly	big	CVCVC	deha:let	deha:letim	0	0	0
COR	voiceless	CVCVVCVC	poly	big	CVCVC	delʲa:let	delʲa:letim	0	0	0
COR	voiceless	CVCVVCVC	poly	big	CVCVC	dira:jet	dira:jetim	0	0	0
COR	voiceless	CVCVVCVC	poly	big	CVCVC	dija:net	dija:netim	0	0	0
COR	voiceless	CVCVVCVC	poly	big	CVCVC	felʲa:ket	felʲa:ketim	0	0	0
COR	voiceless	CVCVVCVC	poly	big	CVCVC	fera:set	fera:setim	0	0	0
COR	voiceless	CVCVVCVC	poly	big	CVCVC	gani:met	gani:metim	0	0	0
COR	voiceless	CVCVVCVC	poly	big	CVCVC	gara:bet	gara:betim	0	0	0
COR	voiceless	CVCVVCVC	poly	big	CVCVC	gudu:bet	gudu:betim	0	0	0
COR	voiceless	CVCVVCVC	poly	big	CVCVC	haba:set	haba:setim	0	0	0
COR	voiceless	CVCVVCVC	poly	big	CVCVC	hakʲa:ret	hakʲa:retim	0	0	0
COR	voiceless	CVCVVCVC	poly	big	CVCVC	hama:set	hama:setim	0	0	0
COR	voiceless	CVCVVCVC	poly	big	CVCVC	hara:ret	hara:retim	0	0	0
COR	voiceless	CVCVVCVC	poly	big	CVCVC	hida:jet	hida:jetim	0	0	0
COR	voiceless	CVCVVCVC	poly	big	CVCVC	hilʲa:fet	hilʲa:fetim	0	0	0
COR	voiceless	CVCVVCVC	poly	big	CVCVC	hija:net	hija:netim	0	0	0
COR	voiceless	CVCVVCVC	poly	big	CVCVC	hyky:met	hyky:metim	0	0	0
COR	voiceless	CVCVVCVC	poly	big	CVCVC	huʃu:net	huʃu:netim	0	0	0
COR	voiceless	CVCVVCVC	poly	big	CVCVC	husu:met	husu:metim	0	0	0
COR	voiceless	CVCVVCVC	poly	big	CVCVC	kara:bet	kara:betim	0	0	0
COR	voiceless	CVCVVCVC	poly	big	CVCVC	kazu:let	kazu:letim	0	0	0
COR	voiceless	CVCVVCVC	poly	big	CVCVC	kefa:let	kefa:letim	0	0	0
COR	voiceless	CVCVVCVC	poly	big	CVCVC	kefa:ret	kefa:retim	0	0	0
COR	voiceless	CVCVVCVC	poly	big	CVCVC	keha:net	keha:netim	0	0	0
COR	voiceless	CVCVVCVC	poly	big	CVCVC	kera:het	kera:hetim	0	0	0
COR	voiceless	CVCVVCVC	poly	big	CVCVC	kera:met	kera:metim	0	0	0
COR	voiceless	CVCVVCVC	poly	big	CVCVC	kesa:fet	kesa:fetim	0	0	0
COR	voiceless	CVCVVCVC	poly	big	CVCVC	kɯja:fet	kɯja:fetim	0	0	0
COR	voiceless	CVCVVCVC	poly	big	CVCVC	kɯja:met	kɯja:metim	0	0	0
COR	voiceless	CVCVVCVC	poly	big	CVCVC	kifa:jet	kifa:jetim	0	0	0
COR	voiceless	CVCVVCVC	poly	big	CVCVC	leta:fet	leta:fetim	0	0	0
COR	voiceless	CVCVVCVC	poly	big	CVCVC	maha:ret	maha:retim	0	0	0
COR	voiceless	CVCVVCVC	poly	big	CVCVC	mela:net	mela:netim	0	0	0
COR	voiceless	CVCVVCVC	poly	big	CVCVC	meta:net	meta:netim	0	0	0
COR	voiceless	CVCVVCVC	poly	big	CVCVC	mysi:bet	mysi:betim	0	0	0
COR	voiceless	CVCVVCVC	poly	big	CVCVC	neda:met	neda:metim	0	0	0
COR	voiceless	CVCVVCVC	poly	big	CVCVC	nefa:set	nefa:setim	0	0	0
COR	voiceless	CVCVVCVC	poly	big	CVCVC	neza:het	neza:hetim	0	0	0
COR	voiceless	CVCVVCVC	poly	big	CVCVC	neza:ket	neza:ketim	0	0	0
COR	voiceless	CVCVVCVC	poly	big	CVCVC	neza:ret	neza:retim	0	0	0
COR	voiceless	CVCVVCVC	poly	big	CVCVC	niha:jet	niha:jetim	0	0	0
COR	voiceless	CVCVVCVC	poly	big	CVCVC	nija:bet	nija:betim	0	0	0
COR	voiceless	CVCVVCVC	poly	big	CVCVC	reha:vet	reha:vetim	0	0	0
COR	voiceless	CVCVVCVC	poly	big	CVCVC	reka:bet	reka:betim	0	0	0
COR	voiceless	CVCVVCVC	poly	big	CVCVC	reza:let	reza:letim	0	0	0
COR	voiceless	CVCVVCVC	poly	big	CVCVC	riva:jet	riva:jetim	0	0	0
COR	voiceless	CVCVVCVC	poly	big	CVCVC	rija:set	rija:setim	0	0	0
COR	voiceless	CVCVVCVC	poly	big	CVCVC	rutu:bet	rutu:betim	0	0	0
COR	voiceless	CVCVVCVC	poly	big	CVCVC	ʃikʲa:jet	ʃikʲa:jetim	0	0	0
COR	voiceless	CVCVVCVC	poly	big	CVCVC	sada:ret	sada:retim	0	0	0
COR	voiceless	CVCVVCVC	poly	big	CVCVC	sefa:let	sefa:letim	0	0	0
COR	voiceless	CVCVVCVC	poly	big	CVCVC	sefa:ret	sefa:retim	0	0	0
COR	voiceless	CVCVVCVC	poly	big	CVCVC	selʲa:met	selʲa:metim	0	0	0
COR	voiceless	CVCVVCVC	poly	big	CVCVC	sira:jet	sira:jetim	0	0	0
COR	voiceless	CVCVVCVC	poly	big	CVCVC	sija:set	sija:setim	0	0	0
COR	voiceless	CVCVVCVC	poly	big	CVCVC	syhu:net	syhu:netim	0	0	0
COR	voiceless	CVCVVCVC	poly	big	CVCVC	sykʲu:net	sykʲu:netim	0	0	0
COR	voiceless	CVCVVCVC	poly	big	CVCVC	taba:bet	taba:betim	0	0	0
COR	voiceless	CVCVVCVC	poly	big	CVCVC	taha:ret	taha:retim	0	0	0
COR	voiceless	CVCVVCVC	poly	big	CVCVC	tara:vet	tara:vetim	0	0	0
COR	voiceless	CVCVVCVC	poly	big	CVCVC	tiʤa:ret	tiʤa:retim	0	0	0
COR	voiceless	CVCVVCVC	poly	big	CVCVC	tilʲa:vet	tilʲa:vetim	0	0	0
COR	voiceless	CVCVVCVC	poly	big	CVCVC	vaha:met	vaha:metim	0	0	0
COR	voiceless	CVCVVCVC	poly	big	CVCVC	vekʲa:let	vekʲa:letim	0	0	0
COR	voiceless	CVCVVCVC	poly	big	CVCVC	velʲa:jet	velʲa:jetim	0	0	0
COR	voiceless	CVCVVCVC	poly	big	CVCVC	vera:set	vera:setim	0	0	0
COR	voiceless	CVCVVCVC	poly	big	CVCVC	vesa:jet	vesa:jetim	0	0	0
COR	voiceless	CVCVVCVC	poly	big	CVCVC	vilʲa:jet	vilʲa:jetim	0	0	0
COR	voiceless	CVCVVCVC	poly	big	CVCVC	zaru:ret	zaru:re:tim	0	0	0
COR	voiceless	CVCVVCVC	poly	big	CVCVC	zekʲa:vet	zekʲa:vetim	0	0	0
COR	voiceless	CVCVVCVC	poly	big	CVCVC	zija:fet	zija:fetim	0	0	0
COR	alternating	CVCVVCVCC	poly	big	CVCVC	niha:vent	niha:vendim	0	0	0
COR	voiceless	CVCVVCVCCVCVCC	poly	big	CVCVC	bilʲa:kajdyʃart	bilʲa:kajdyʃartɯm	1	0	0
COR	voiceless	CVCVVCVCVC	poly	big	CVCVC	myna:kalat	myna:kalatɯm	1	0	0
COR	voiceless	CVCVVCVCVC	poly	big	CVCVC	myna:sebat	myna:seba:tɯm	1	0	0
COR	voiceless	CVCVVCVCVC	poly	big	CVCVC	myza:kerat	myza:kera:tɯm	1	0	0
COR	voiceless	CVCVVCVCVC	poly	big	CVCVC	myza:refat	myza:refatɯm	1	0	0
COR	voiceless	CVCVVCVCVC	poly	big	CVCVC	muta:lebat	muta:leba:tɯm	1	0	0
COR	voiceless	CVCVVCVCVC	poly	big	CVCVC	muha:sebat	muha:sebatɯm	1	0	0
COR	voiceless	CVCVVCVCVC	poly	big	CVCVC	rija:zijat	rija:zijatɯm	1	0	0
COR	voiceless	CVCVVCVCVC	poly	big	CVCVC	myla:jemet	myla:jemetim	0	0	0
COR	voiceless	CVCVVCVCVC	poly	big	CVCVC	myna:feret	myna:feretim	0	0	0
COR	voiceless	CVCVVCVCVC	poly	big	CVCVC	myza:heret	myza:heretim	0	0	0
COR	voiceless	CVCVVCVCVC	poly	big	CVCVC	myba:jenet	myba:jenetim	0	0	0
COR	voiceless	CVCVVCVCVC	poly	big	CVCVC	myna:sebet	myna:sebetim	0	0	0
COR	voiceless	CVCVVCVCVC	poly	big	CVCVC	myʃa:behet	myʃa:behetim	0	0	0
COR	voiceless	CVCVVCVCVC	poly	big	CVCVC	muha:ʤeret	muha:ʤeretim	0	0	0
COR	voiceless	CVCVVCVCVC	poly	big	CVCVC	muka:vemet	muka:vemetim	0	0	0
COR	voiceless	CVCVVCVCVC	poly	big	CVCVC	salʲa:hijet	salʲa:hijetim	0	0	0
COR	voiceless	CVCVVCVCVVCVC	poly	big	CVCVC	hyda:jina:bit	hyda:jina:bitim	0	1	0
COR	voiceless	CVCVVCVVC	poly	big	CVCVC	sera:za:t	sera:za:tɯm	1	0	0
COR	voiceless	CVCVVCVVC	poly	big	CVCVC	myma:naat	myma:naatɯm	1	0	0
COR	voiceless	CVCVVCVVC	poly	big	CVCVC	myra:ʤaat	myra:ʤaatɯm	1	0	0
COR	alternating	CVCVVVC	poly	big	CVCVC	mysa:it	mysa:idim	0	1	0
COR	alternating	CVCVVVC	poly	big	CVCVC	tekʲa:yt	tekʲa:ydym	0	1	1
COR	voiceless	CVCVVVCCVC	poly	big	CVCVC	bila:yʤret	bila:yʤretim	0	0	0
COR	alternating	CVCVVVCVC	poly	big	CVCVC	mytea:hit	mytea:hidim	0	1	0
COR	voiceless	CVCVVVCVC	poly	big	CVCVC	teba:ijet	teba:ijetim	0	0	0
COR	alternating	CVVC	mono	big	CVCC	va:t	va:dim	1	0	0
COR	alternating	CVVC	poly	big	CVCVC	miat	miadɯm	1	0	0
COR	alternating	CVVC	poly	big	CVCVC	jiit	jiidim	0	1	0
COR	alternating	CVVC	poly	big	CVCVC	kʲaɯt	kʲaɯdɯm	1	1	0
COR	voiced	CVVC	mono	big	CVCC	ba:d	ba:dɯm	1	0	0
COR	voiced	CVVC	mono	big	CVCC	ja:d	ja:dɯm	1	0	0
COR	voiced	CVVC	mono	big	CVCC	ʃa:d	ʃa:dɯm	1	0	0
COR	voiceless	CVVC	poly	big	CVCVC	biat	biatɯm	1	0	0
COR	voiceless	CVVC	poly	big	CVCVC	fiat	fiatɯm	1	0	0
COR	voiceless	CVVC	poly	big	CVCVC	saat	saatim	1	0	0
COR	voiceless	CVVC	poly	big	CVCVC	dyet	dyetim	0	0	0
COR	voiceless	CVVC	poly	big	CVCVC	syet	syetim	0	0	0
COR	voiceless	CVVC	poly	big	CVCVC	teet	teetim	0	0	0
COR	voiceless	CVVC	poly	big	CVCVC	vait	vaitim	0	1	0
COR	voiceless	CVVC	poly	big	CVCVC	zait	zaitim	0	1	0
COR	voiceless	CVVC	poly	big	CVCVC	baɯt	baɯtɯm	1	1	0
COR	voiceless	CVVC	poly	big	CVCVC	buut	buutum	1	1	1
COR	alternating	CVVCC	poly	big	CVCVC	raunt	raundum	1	1	1
COR	voiceless	CVVCC	poly	big	CVCVC	jourt	jourtum	1	1	1
COR	voiceless	CVVCC	poly	big	CVCVC	zyyrt	zyyrtym	0	1	1
COR	alternating	CVVCCVC	poly	big	CVCVC	dioksit	dioksidim	0	1	0
COR	alternating	CVVCCVC	poly	big	CVCVC	muannit	muannidim	0	1	0
COR	alternating	CVVCCVC	poly	big	CVCVC	taammyt	taammydym	0	1	1
COR	alternating	CVVCCVC	poly	big	CVCVC	teejjyt	teejjydym	0	1	1
COR	voiced	CVVCCVC	poly	big	CVCVC	myebbed	myebbedim	0	0	0
COR	voiceless	CVVCCVC	poly	big	CVCVC	muakkʲat	muakkʲatim	1	0	0
COR	voiceless	CVVCCVC	poly	big	CVCVC	kuintet	kuintetim	0	0	0
COR	voiceless	CVVCCVC	poly	big	CVCVC	myebbet	myebbetim	0	0	0
COR	voiceless	CVVCCVC	poly	big	CVCVC	myejjet	myejjetim	0	0	0
COR	voiceless	CVVCCVC	poly	big	CVCVC	muabbet	muabbetim	0	0	0
COR	voiceless	CVVCCVC	poly	big	CVCVC	muahhit	muahhitim	0	1	0
COR	alternating	CVVCVC	poly	big	CVCVC	ma:bat	ma:ba:dɯm	1	0	0
COR	alternating	CVVCVC	poly	big	CVCVC	mi:lʲat	mi:lʲadɯm	1	0	0
COR	alternating	CVVCVC	poly	big	CVCVC	da:mat	da:ma:dɯm	1	0	0
COR	alternating	CVVCVC	poly	big	CVCVC	mu:tat	mu:ta:dɯm	1	0	0
COR	alternating	CVVCVC	poly	big	CVCVC	te:sit	te:sidim	0	1	0
COR	alternating	CVVCVC	poly	big	CVCVC	mu:ʤit	mu:ʤidim	0	1	0
COR	alternating	CVVCVC	poly	big	CVCVC	ʃa:hit	ʃa:hidim	0	1	0
COR	alternating	CVVCVC	poly	big	CVCVC	ta:hyt	ta:hydym	0	1	1
COR	vacillator	CVVCVC	poly	big	CVCVC	ba:dat	ba:datɯm ba:dadɯm	1	0	0
COR	vacillator	CVVCVC	poly	big	CVCVC	ta:dat	ta:datɯm ta:da:dɯm	1	0	0
COR	vacillator	CVVCVC	poly	big	CVCVC	ma:bet	ma:betim ma:bedim	0	0	0
COR	vacillator	CVVCVC	poly	big	CVCVC	fa:sit	fa:sitim fa:sidim	0	1	0
COR	vacillator	CVVCVC	poly	big	CVCVC	te:kit	te:kitim te:kidim	0	1	0
COR	vacillator	CVVCVC	poly	big	CVCVC	va:hit	va:hitim va:hidim	0	1	0
COR	vacillator	CVVCVC	poly	big	CVCVC	va:rit	va:ritim va:ridim	0	1	0
COR	vacillator	CVVCVC	poly	big	CVCVC	ra:sɯt	ra:sɯtɯm ra:sɯdɯm	1	1	0
COR	vacillator	CVVCVC	poly	big	CVCVC	ma:hut	ma:hutum ma:hudum	1	1	1
COR	voiceless	CVVCVC	poly	big	CVCVC	ta:kʲat	ta:kʲa:tim	1	0	0
COR	voiceless	CVVCVC	poly	big	CVCVC	lʲa:net	lʲa:netim	0	0	0
COR	voiceless	CVVCVC	poly	big	CVCVC	maiʃet	maiʃetim	0	0	0
COR	voiceless	CVVCVC	poly	big	CVCVC	maijet	maijetim	0	0	0
COR	voiceless	CVVCVC	poly	big	CVCVC	na:let	na:letim	0	0	0
COR	voiceless	CVVCVC	poly	big	CVCVC	ʃeamet	ʃeametim	0	0	0
COR	voiceless	CVVCVC	poly	big	CVCVC	zeamet	zeametim	0	0	0
COR	voiceless	CVVCVC	poly	big	CVCVC	ʤy:ret	ʤy:retim	0	0	0
COR	voiceless	CVVCVC	poly	big	CVCVC	da:vet	da:vetim	0	0	0
COR	voiceless	CVVCVC	poly	big	CVCVC	ga:jet	ga:jetim	0	0	0
COR	voiceless	CVVCVC	poly	big	CVCVC	ha:ʤet	ha:ʤetim	0	0	0
COR	voiceless	CVVCVC	poly	big	CVCVC	ha:let	ha:letim	0	0	0
COR	voiceless	CVVCVC	poly	big	CVCVC	la:net	la:netim	0	0	0
COR	voiceless	CVVCVC	poly	big	CVCVC	ni:met	ni:metim	0	0	0
COR	voiceless	CVVCVC	poly	big	CVCVC	ra:bet	ra:betim	0	0	0
COR	voiceless	CVVCVC	poly	big	CVCVC	ry:jet	ry:jetim	0	0	0
COR	voiceless	CVVCVC	poly	big	CVCVC	ʃa:jet	ʃa:jetim	0	0	0
COR	voiceless	CVVCVC	poly	big	CVCVC	sa:det	sa:detim	0	0	0
COR	voiceless	CVVCVC	poly	big	CVCVC	su:ret	su:retim	0	0	0
COR	voiceless	CVVCVC	poly	big	CVCVC	sa:kit	sa:kitim	0	1	0
COR	voiceless	CVVCVC	poly	big	CVCVC	sa:bit	sa:bitim	0	1	0
COR	voiceless	CVVCVC	poly	big	CVCVC	za:bit	za:bitim	0	1	0
COR	voiceless	CVVCVC	poly	big	CVCVC	sa:kɯt	sa:kɯtɯm	1	1	0
COR	alternating	CVVCVCC	poly	big	CVCVC	lʲa:kajt	lʲa:kajdɯm	1	0	0
COR	vacillator	CVVCVCC	poly	big	CVCVC	na:mert	na:mertim na:merdim	0	0	0
COR	voiceless	CVVCVCC	poly	big	CVCVC	realist	realistim	0	1	0
COR	voiceless	CVVCVCCVCC	poly	big	CVCVC	fa:renhajt	fa:renhajtɯm	1	0	0
COR	voiceless	CVVCVCCVVCVCCVCC	poly	big	CVCVC	ba:sylba:delmevt	ba:sylba:delmevtim	0	0	0
COR	alternating	CVVCVCVC	poly	big	CVCVC	mu:temet	mu:temedim	0	0	0
COR	alternating	CVVCVCVC	poly	big	CVCVC	mu:tekit	mu:tekidim	0	1	0
COR	voiceless	CVVCVCVC	poly	big	CVCVC	fi:lijat	fi:lija:tɯm	1	0	0
COR	voiceless	CVVCVCVC	poly	big	CVCVC	muamelat	muamela:tɯm	1	0	0
COR	voiceless	CVVCVCVC	poly	big	CVCVC	ta:jinat	ta:jina:tɯm	1	0	0
COR	voiceless	CVVCVCVC	poly	big	CVCVC	ma:lʲumat	ma:lʲuma:tɯm	1	0	0
COR	voiceless	CVVCVCVC	poly	big	CVCVC	ta:dilʲat	ta:dilʲa:tɯm	1	0	0
COR	voiceless	CVVCVCVC	poly	big	CVCVC	ta:limat	ta:lima:tɯm	1	0	0
COR	voiceless	CVVCVCVC	poly	big	CVCVC	muaʃeret	muaʃeretim	0	0	0
COR	voiceless	CVVCVCVC	poly	big	CVCVC	muavenet	muavenetim	0	0	0
COR	voiceless	CVVCVCVC	poly	big	CVCVC	ma:firet	ma:firetim	0	0	0
COR	voiceless	CVVCVCVC	poly	big	CVCVC	ma:hijet	ma:hijetim	0	0	0
COR	voiceless	CVVCVCVC	poly	big	CVCVC	ma:lijet	ma:lijetim	0	0	0
COR	voiceless	CVVCVCVC	poly	big	CVCVC	ma:zeret	ma:zeretim	0	0	0
COR	voiceless	CVVCVCVC	poly	big	CVCVC	ta:bijet	ta:bijetim	0	0	0
COR	voiceless	CVVCVCVC	poly	big	CVCVC	va:rijet	va:rijetim	0	0	0
COR	voiceless	CVVCVCVC	poly	big	CVCVC	za:fijet	za:fijetim	0	0	0
COR	alternating	CVVCVCVCC	poly	big	CVCVC	lʲa:ʤivert	lʲa:ʤiverdim	0	0	0
COR	voiceless	CVVCVCVCVC	poly	big	CVCVC	ma:lʲumijet	ma:lʲumijetim	0	0	0
COR	voiceless	CVVCVCVCVC	poly	big	CVCVC	ga:libijet	ga:libijetim	0	0	0
COR	voiceless	CVVCVCVCVC	poly	big	CVCVC	ha:kimijet	ha:kimijetim	0	0	0
COR	voiceless	CVVCVCVCVC	poly	big	CVCVC	ka:bilijet	ka:bilijetim	0	0	0
COR	voiceless	CVVCVCVCVC	poly	big	CVCVC	ma:lʲubijet	ma:lʲubijetim	0	0	0
COR	voiceless	CVVCVCVCVCCVCC	poly	big	CVCVC	ba:sybadelmevt	ba:sybadelmevtim	0	0	0
COR	alternating	CVVCVCVVC	poly	big	CVCVC	na:mysait	na:mysaidim	0	1	0
COR	voiceless	CVVCVCVVVC	poly	big	CVCVC	na:mysa:it	na:mysa:itim	0	1	0
COR	alternating	CVVCVVCVC	poly	big	CVCVC	ma:ba:jit	ma:ba:jidim	0	1	0
COR	voiceless	CVVCVVCVC	poly	big	CVCVC	ma:lʲu:mat	ma:lʲu:matɯm	1	0	0
COR	voiceless	CVVCVVCVC	poly	big	CVCVC	ha:ki:kʲat	ha:ki:kʲatim	1	0	0
COR	alternating	CVVVC	poly	big	CVCVC	kʲa:ɯt	kʲa:ɯdɯm	1	1	0
COR	voiced	CVVVC	poly	big	CVCVC	za:id	za:idim	0	1	0
COR	voiceless	CVVVCVC	poly	big	CVCVC	ria:jet	ria:jetim	0	0	0
COR	voiced	VC	mono	CVC	CVC	id	idim	0	1	0
COR	voiced	VC	mono	CVC	CVC	od	odum	1	0	1
COR	voiced	VC	mono	CVC	CVC	ød	ødym	0	0	1
COR	voiceless	VC	mono	CVC	CVC	et	etim	0	0	0
COR	voiceless	VC	mono	CVC	CVC	ot	otum	1	0	1
COR	voiceless	VC	mono	CVC	CVC	ut	utum	1	1	1
COR	voiceless	VCC	mono	big	CVCC	alt	altɯm	1	0	0
COR	voiceless	CVCC	mono	big	CVCC	pakt	paktɯm	1	0	0
COR	voiceless	CVCC	mono	big	CVCC	takt	taktɯm	1	0	0
COR	voiced	CVCC	mono	big	CVCC	veʒd	veʒdim	0	0	0
COR	voiceless	CVCC	mono	big	CVCC	baht	bahtɯm	1	0	0
COR	voiceless	CVCC	mono	big	CVCC	ʤeht	ʤehtim	0	0	0
COR	voiceless	CVCC	mono	big	CVCC	ʃaft	ʃaftɯm	1	0	0
COR	voiceless	CVCC	mono	big	CVCC	neft	neftim	0	0	0
COR	voiceless	CVCC	mono	big	CVCC	ʧift	ʧiftim	0	1	0
COR	voiceless	CVCC	mono	big	CVCC	zift	ziftim	0	1	0
COR	voiceless	VCC	mono	big	CVCC	aft	aftɯm	1	0	0
COR	voiceless	VCCCVCVC	poly	big	CVCVC	antrasit	antrasitim	0	1	0
COR	alternating	VCCVC	poly	big	CVCVC	ahfat	ahfa:dɯm	1	0	0
COR	alternating	VCCVC	poly	big	CVCVC	avrat	avradɯm	1	0	0
COR	alternating	VCCVC	poly	big	CVCVC	efrat	efra:dɯm	1	0	0
COR	alternating	VCCVC	poly	big	CVCVC	evlʲat	evlʲa:dɯm	1	0	0
COR	alternating	VCCVC	poly	big	CVCVC	isnat	isna:dɯm	1	0	0
COR	alternating	VCCVC	poly	big	CVCVC	ystat	ysta:dɯm	1	0	0
COR	alternating	VCCVC	poly	big	CVCVC	eʒdat	eʒda:dɯm	1	0	0
COR	alternating	VCCVC	poly	big	CVCVC	orkit	orkidim	0	1	0
COR	vacillator	VCCVC	poly	big	CVCVC	imdat	imda:dɯm imda:dɯm	1	0	0
COR	vacillator	VCCVC	poly	big	CVCVC	irʃat	irʃatɯm irʃadɯm	1	0	0
COR	vacillator	VCCVC	poly	big	CVCVC	armut	armutum armudum	1	1	1
COR	voiceless	VCCVC	poly	big	CVCVC	ɯrgat	ɯrgatɯm	1	0	0
COR	voiceless	VCCVC	poly	big	CVCVC	ɯskat	ɯska:tɯm	1	0	0
COR	voiceless	VCCVC	poly	big	CVCVC	ifrat	ifra:tɯm	1	0	0
COR	voiceless	VCCVC	poly	big	CVCVC	ifsat	ifsatɯm	1	0	0
COR	voiceless	VCCVC	poly	big	CVCVC	imbat	imbatɯm	1	0	0
COR	voiceless	VCCVC	poly	big	CVCVC	iskʲat	iskʲatɯm	1	0	0
COR	voiceless	VCCVC	poly	big	CVCVC	ispat	ispa:tɯm	1	0	0
COR	voiceless	VCCVC	poly	big	CVCVC	ahret	ahretim	0	0	0
COR	voiceless	VCCVC	poly	big	CVCVC	anket	anketim	0	0	0
COR	voiceless	VCCVC	poly	big	CVCVC	antet	antetim	0	0	0
COR	voiceless	VCCVC	poly	big	CVCVC	avdet	avdetim	0	0	0
COR	voiceless	VCCVC	poly	big	CVCVC	elbet	elbetim	0	0	0
COR	voiceless	VCCVC	poly	big	CVCVC	ibret	ibretim	0	0	0
COR	voiceless	VCCVC	poly	big	CVCVC	iffet	iffetim	0	0	0
COR	voiceless	VCCVC	poly	big	CVCVC	illet	illetim	0	0	0
COR	voiceless	VCCVC	poly	big	CVCVC	iʃret	iʃretim	0	0	0
COR	voiceless	VCCVC	poly	big	CVCVC	ismet	ismetim	0	0	0
COR	voiceless	VCCVC	poly	big	CVCVC	izzet	izzetim	0	0	0
COR	voiceless	VCCVC	poly	big	CVCVC	omlet	omletim	0	0	0
COR	voiceless	VCCVC	poly	big	CVCVC	yʤret	yʤretim	0	0	0
COR	voiceless	VCCVC	poly	big	CVCVC	ylfet	ylfetim	0	0	0
COR	voiceless	VCCVC	poly	big	CVCVC	ymmet	ymmetim	0	0	0
COR	voiceless	VCCVC	poly	big	CVCVC	iʃlet	iʃletim	0	0	0
COR	voiceless	VCCVC	poly	big	CVCVC	ifrit	ifritim	0	1	0
COR	voiceless	VCCVC	poly	big	CVCVC	izmit	izmitim	0	1	0
COR	voiceless	VCCVC	poly	big	CVCVC	ajgɯt	ajgɯtɯm	1	1	0
COR	voiceless	VCCVC	poly	big	CVCVC	angut	angutum	1	1	1
COR	voiceless	VCCVC	poly	big	CVCVC	ørgyt	ørgytym	0	1	1
COR	voiceless	VCCVC VCCVC	poly	big	CVCVC	imbat inbat	imbatɯm inbatɯm	1	0	0
COR	alternating	VCCVCC	poly	big	CVCVC	apsyrt	apsyrdym	0	1	1
COR	voiceless	VCCVCC	poly	big	CVCVC	amjant	amjantɯm	1	0	0
COR	voiceless	VCCVCC	poly	big	CVCVC	antant	antantɯm	1	0	0
COR	voiceless	VCCVCC	poly	big	CVCVC	asfalt	asfaltɯm	1	0	0
COR	voiceless	VCCVCC	poly	big	CVCVC	ofsajt	ofsajtɯm	1	0	0
COR	voiceless	VCCVCC	poly	big	CVCVC	apsent	apsentim	0	0	0
COR	voiceless	VCCVCC	poly	big	CVCVC	asbest	asbestim	0	0	0
COR	voiceless	VCCVCC	poly	big	CVCVC	apdest	apdestim	0	0	0
COR	voiceless	VCCVCC	poly	big	CVCVC	artist	artistim	0	1	0
COR	voiceless	VCCVCC	poly	big	CVCVC	altyst	altystym	0	1	1
COR	alternating	VCCVCCVC	poly	big	CVCVC	istibdat	istibda:dɯm	1	0	0
COR	alternating	VCCVCCVC	poly	big	CVCVC	istimdat	istimda:dɯm	1	0	0
COR	alternating	VCCVCCVC	poly	big	CVCVC	istirdat	istirda:dɯm	1	0	0
COR	voiceless	VCCVCCVC	poly	big	CVCVC	astigmat	astigmatɯm	1	0	0
COR	voiceless	VCCVCCVC	poly	big	CVCVC	iskorpit	iskorpitim	0	1	0
COR	voiceless	VCCVCCVC	poly	big	CVCVC	istavrit	istavritim	0	1	0
COR	voiceless	VCCVCCVC	poly	big	CVCVC	iskorbit	iskorbitim	0	1	0
COR	voiceless	VCCVCCVC	poly	big	CVCVC	istimbot	istimbotum	1	0	1
COR	voiceless	VCCVCCVC	poly	big	CVCVC	izbandut	izbandutum	1	1	1
COR	voiceless	VCCVCCVCCCVCVCC	poly	big	CVCVC	ekzistansjalist	ekzistansjalistim	0	1	0
COR	voiceless	VCCVCCVCVC	poly	big	CVCVC	ispanjolet	ispanjoletim	0	0	0
COR	voiceless	VCCVCCVCVC	poly	big	CVCVC	ispermeʧet	ispermeʧetim	0	0	0
COR	voiceless	VCCVCCVVC	poly	big	CVCVC	ampersaat	ampersaatim	1	0	0
COR	alternating	VCCVCVC	poly	big	CVCVC	iʧtihat	iʧtiha:dɯm	1	0	0
COR	alternating	VCCVCVC	poly	big	CVCVC	iktisat	iktisa:dɯm	1	0	0
COR	alternating	VCCVCVC	poly	big	CVCVC	istidat	istida:dɯm	1	0	0
COR	alternating	VCCVCVC	poly	big	CVCVC	istinat	istina:dɯm	1	0	0
COR	alternating	VCCVCVC	poly	big	CVCVC	ittihat	ittiha:dɯm	1	0	0
COR	vacillator	VCCVCVC	poly	big	CVCVC	infirat	infira:tɯm infira:dɯm	1	0	0
COR	vacillator	VCCVCVC	poly	big	CVCVC	arnavut	arnavutum arnavudum	1	1	1
COR	voiced	VCCVCVC	poly	big	CVCVC	iʧtihad	iʧtiha:dɯm	1	0	0
COR	voiceless	VCCVCVC	poly	big	CVCVC	ajnijat	ajnija:tɯm	1	0	0
COR	voiceless	VCCVCVC	poly	big	CVCVC	ɯslahat	ɯslahatɯm	1	0	0
COR	voiceless	VCCVCVC	poly	big	CVCVC	ihtilʲat	ihtilʲa:tɯm	1	0	0
COR	voiceless	VCCVCVC	poly	big	CVCVC	ihtilat	ihtilatɯm	1	0	0
COR	voiceless	VCCVCVC	poly	big	CVCVC	ihtijat	ihtijatɯm	1	0	0
COR	voiceless	VCCVCVC	poly	big	CVCVC	iltifat	iltifa:tɯm	1	0	0
COR	voiceless	VCCVCVC	poly	big	CVCVC	imbisat	imbisatɯm	1	0	0
COR	voiceless	VCCVCVC	poly	big	CVCVC	inbisat	inbisa:tɯm	1	0	0
COR	voiceless	VCCVCVC	poly	big	CVCVC	inzibat	inziba:tɯm	1	0	0
COR	voiceless	VCCVCVC	poly	big	CVCVC	irtibat	irtiba:tɯm	1	0	0
COR	voiceless	VCCVCVC	poly	big	CVCVC	ordonat	ordonatɯm	1	0	0
COR	voiceless	VCCVCVC	poly	big	CVCVC	ajnijet	ajnijetim	0	0	0
COR	voiceless	VCCVCVC	poly	big	CVCVC	ehlijet	ehlijetim	0	0	0
COR	voiceless	VCCVCVC	poly	big	CVCVC	emnijet	emnijetim	0	0	0
COR	voiceless	VCCVCVC	poly	big	CVCVC	illijet	illijetim	0	0	0
COR	voiceless	VCCVCVC	poly	big	CVCVC	iskelet	iskeletim	0	0	0
COR	voiceless	VCCVCVC	poly	big	CVCVC	ynsijet	ynsijetim	0	0	0
COR	voiceless	VCCVCVC	poly	big	CVCVC	artirit	artiritim	0	1	0
COR	voiceless	VCCVCVC	poly	big	CVCVC	izmarit	izmaritim	0	1	0
COR	voiceless	VCCVCVC	poly	big	CVCVC	iʧgeʧit	iʧgeʧitim	0	1	0
COR	voiceless	VCCVCVC	poly	big	CVCVC	ahtapot	ahtapotum	1	0	1
COR	voiceless	VCCVCVC	poly	big	CVCVC	anzarot	anzarotum	1	0	1
COR	voiceless	VCCVCVC	poly	big	CVCVC	argonot	argonotum	1	0	1
COR	voiceless	VCCVCVCC	poly	big	CVCVC	antɯrakt	antɯraktɯm	1	0	0
COR	voiceless	VCCVCVCC	poly	big	CVCVC	intelekt	intelektim	0	0	0
COR	voiceless	VCCVCVCC	poly	big	CVCVC	optimist	optimistim	0	1	0
COR	voiceless	VCCVCVCVC	poly	big	CVCVC	intihabat	intihabatɯm	1	0	0
COR	voiceless	VCCVCVCVC	poly	big	CVCVC	evlevijet	evlevijetim	0	0	0
COR	voiceless	VCCVCVCVC	poly	big	CVCVC	ansefalit	ansefalitim	0	1	0
COR	voiceless	VCCVCVVCVC	poly	big	CVCVC	istira:hat	istira:hatɯm	1	0	0
COR	voiceless	VCCVCVVCVC	poly	big	CVCVC	istika:met	istika:metim	0	0	0
COR	voiced	VCCVVC	poly	big	CVCVC	ysta:d	ysta:dɯm	1	0	0
COR	voiceless	VCCVVC	poly	big	CVCVC	iʤraat	iʤraatɯm	1	0	0
COR	voiceless	VCCVVC	poly	big	CVCVC	inʃaat	inʃaatɯm	1	0	0
COR	alternating	VCVC	poly	big	CVCVC	azat	azadɯm	1	0	0
COR	alternating	VCVC	poly	big	CVCVC	ebat	eba:dɯm	1	0	0
COR	alternating	VCVC	poly	big	CVCVC	iʤat	iʤa:dɯm	1	0	0
COR	alternating	VCVC	poly	big	CVCVC	inat	inadɯm	1	0	0
COR	alternating	VCVC	poly	big	CVCVC	adet	adedim	0	0	0
COR	alternating	VCVC	poly	big	CVCVC	asit	asidim	0	1	0
COR	alternating	VCVC	poly	big	CVCVC	ymit	ymidim	0	1	0
COR	alternating	VCVC	poly	big	CVCVC	anot	anodum	1	0	1
COR	alternating	VCVC	poly	big	CVCVC	amut	amudum	1	1	1
COR	alternating	VCVC	poly	big	CVCVC	etyt	etydym	0	1	1
COR	vacillator	VCVC	poly	big	CVCVC	akit	akitim akidim	0	1	0
COR	vacillator	VCVC	poly	big	CVCVC	ijot	ijotum ijodum	1	0	1
COR	vacillator	VCVC	poly	big	CVCVC	umut	umu:tum umudum	1	1	1
COR	vacillator	VCVC	poly	big	CVCVC	anut	anutum anudum	1	1	1
COR	voiced	VCVC	poly	big	CVCVC	ebed	ebedim	0	0	0
COR	voiceless	VCVC	poly	big	CVCVC	akat	akatɯm	1	0	0
COR	voiceless	VCVC	poly	big	CVCVC	edat	edatɯm	1	0	0
COR	voiceless	VCVC	poly	big	CVCVC	erat	era:tɯm	1	0	0
COR	voiceless	VCVC	poly	big	CVCVC	yrat	yratɯm	1	0	0
COR	voiceless	VCVC	poly	big	CVCVC	evet	evetim	0	0	0
COR	voiceless	VCVC	poly	big	CVCVC	øzet	øzetim	0	0	0
COR	voiceless	VCVC	poly	big	CVCVC	ahit	ahitim	0	1	0
COR	voiceless	VCVC	poly	big	CVCVC	elit	elitim	0	1	0
COR	voiceless	VCVC	poly	big	CVCVC	eʃit	eʃitim	0	1	0
COR	voiceless	VCVC	poly	big	CVCVC	iʧit	iʧitim	0	1	0
COR	voiceless	VCVC	poly	big	CVCVC	anɯt	anɯtɯm	1	1	0
COR	voiceless	VCVC	poly	big	CVCVC	azot	azotum	1	0	1
COR	alternating	VCVCC	poly	big	CVCVC	akort	akordum	1	0	1
COR	vacillator	VCVCC	poly	big	CVCVC	avurt	avurtum avurdum	1	1	1
COR	voiceless	VCVCC	poly	big	CVCVC	efekt	efektim	0	0	0
COR	voiceless	VCVCC	poly	big	CVCVC	ajɯrt	ajɯrtɯm	1	1	0
COR	voiceless	VCVCC	poly	big	CVCVC	aport	aportum	1	0	1
COR	voiceless	VCVCCVC	poly	big	CVCVC	aparkat	aparkatɯm	1	0	0
COR	voiceless	VCVCCVC	poly	big	CVCVC	uhuvvet	uhuvvetim	0	0	0
COR	voiceless	VCVCCVC	poly	big	CVCVC	anekdot	anekdotum	1	0	1
COR	voiced	VCVCCVCC	poly	big	CVCVC	avangard	avangardɯm	1	0	0
COR	voiceless	VCVCCVCVC	poly	big	CVCVC	ehemmijet	ehemmijetim	0	0	0
COR	voiceless	VCVCCVCVC	poly	big	CVCVC	ekalʲlʲijet	ekalʲlʲijetim	0	0	0
COR	voiceless	VCVCCVCVC	poly	big	CVCVC	apandisit	apandisitim	0	1	0
COR	voiceless	VCVCCVCVC	poly	big	CVCVC	abullabut	abullabutum	1	1	1
COR	voiceless	VCVCCVCVCC	poly	big	CVCVC	oportynist	oportynistim	0	1	0
COR	alternating	VCVCVC	poly	big	CVCVC	itijat	itija:dɯm	1	0	0
COR	vacillator	VCVCVC	poly	big	CVCVC	inikat	inika:tɯm inika:dɯm	1	0	0
COR	voiceless	VCVCVC	poly	big	CVCVC	aparat	aparatɯm	1	0	0
COR	voiceless	VCVCVC	poly	big	CVCVC	arasat	arasatɯm	1	0	0
COR	voiceless	VCVCVC	poly	big	CVCVC	avukat	avkatɯm	1	0	0
COR	voiceless	VCVCVC	poly	big	CVCVC	edevat	edeva:tɯm	1	0	0
COR	voiceless	VCVCVC	poly	big	CVCVC	apolet	apoletim	0	0	0
COR	voiceless	VCVCVC	poly	big	CVCVC	aʃiret	aʃiretim	0	0	0
COR	voiceless	VCVCVC	poly	big	CVCVC	azamet	azametim	0	0	0
COR	voiceless	VCVCVC	poly	big	CVCVC	etiket	etiketim	0	0	0
COR	voiceless	VCVCVC	poly	big	CVCVC	ezijet	ezijetim	0	0	0
COR	voiceless	VCVCVC	poly	big	CVCVC	ozalit	ozalitim	0	1	0
COR	alternating	VCVCVCC	poly	big	CVCVC	anajurt	anajurdum	1	1	1
COR	voiceless	VCVCVCC	poly	big	CVCVC	alʲakart	alʲakartɯm	1	0	0
COR	voiceless	VCVCVCC	poly	big	CVCVC	element	elementim	0	0	0
COR	voiceless	VCVCVCC	poly	big	CVCVC	ametist	ametistim	0	1	0
COR	vacillator	VCVCVCVC	poly	big	CVCVC	ilelebet	ilelebetim ilelebedim	0	0	0
COR	voiceless	VCVCVCVC	poly	big	CVCVC	abɯhajat	a:bɯhaja:tɯm	1	0	0
COR	voiceless	VCVCVCVC	poly	big	CVCVC	arakesit	arakesitim	0	1	0
COR	voiceless	VCVCVCVC	poly	big	CVCVC	alʲaminyt	alʲaminytym	0	1	1
COR	alternating	VCVCVVC	poly	big	CVCVC	ebusuut	ebusuudum	1	1	1
COR	voiceless	VCVCVVC	poly	big	CVCVC	anasaat	anasaatim	1	0	0
COR	alternating	VCVVC	poly	big	CVCVC	iʤa:t	iʤa:dɯm	1	0	0
COR	voiceless	VCVVC	poly	big	CVCVC	itaat	itaatim	1	0	0
COR	voiceless	VCVVCC	poly	big	CVCVC	ateist	ateistim	0	1	0
COR	voiceless	VCVVCC	poly	big	CVCVC	egoist	egoistim	0	1	0
COR	alternating	VCVVCVC	poly	big	CVCVC	iti:jat	iti:ja:dɯm	1	0	0
COR	voiceless	VCVVCVC	poly	big	CVCVC	ifa:kat	ifa:katim	1	0	0
COR	voiceless	VCVVCVC	poly	big	CVCVC	ada:let	ada:letim	0	0	0
COR	voiceless	VCVVCVC	poly	big	CVCVC	afi:jet	afi:jetim	0	0	0
COR	voiceless	VCVVCVC	poly	big	CVCVC	aka:met	aka:metim	0	0	0
COR	voiceless	VCVVCVC	poly	big	CVCVC	alʲa:met	alʲa:metim	0	0	0
COR	voiceless	VCVVCVC	poly	big	CVCVC	asa:let	asa:letim	0	0	0
COR	voiceless	VCVVCVC	poly	big	CVCVC	ata:let	ata:letim	0	0	0
COR	voiceless	VCVVCVC	poly	big	CVCVC	azi:met	azi:metim	0	0	0
COR	voiceless	VCVVCVC	poly	big	CVCVC	ema:net	ema:netim	0	0	0
COR	voiceless	VCVVCVC	poly	big	CVCVC	ema:ret	ema:retim	0	0	0
COR	voiceless	VCVVCVC	poly	big	CVCVC	esa:ret	esa:retim	0	0	0
COR	voiceless	VCVVCVC	poly	big	CVCVC	eja:let	eja:letim	0	0	0
COR	voiceless	VCVVCVC	poly	big	CVCVC	iba:det	iba:detim	0	0	0
COR	voiceless	VCVVCVC	poly	big	CVCVC	iba:ret	iba:retim	0	0	0
COR	voiceless	VCVVCVC	poly	big	CVCVC	iʤa:bet	iʤa:betim	0	0	0
COR	voiceless	VCVVCVC	poly	big	CVCVC	iʤa:zet	iʤa:zetim	0	0	0
COR	voiceless	VCVVCVC	poly	big	CVCVC	iha:net	iha:netim	0	0	0
COR	voiceless	VCVVCVC	poly	big	CVCVC	ika:met	ika:metim	0	0	0
COR	voiceless	VCVVCVC	poly	big	CVCVC	ina:jet	ina:jetim	0	0	0
COR	voiceless	VCVVCVC	poly	big	CVCVC	iʃa:ret	iʃa:retim	0	0	0
COR	voiceless	VCVVCVC	poly	big	CVCVC	isa:bet	isa:betim	0	0	0
COR	voiceless	VCVVCVC	poly	big	CVCVC	ufu:net	ufu:netim	0	0	0
COR	voiceless	VCVVCVC	poly	big	CVCVC	uta:rit	uta:ritim	0	1	0
COR	vacillator	VVC	poly	big	CVCVC	aɯt	aɯtɯm aɯdɯm	1	1	0
COR	voiceless	VVC	poly	big	CVCVC	ait	aitim	0	1	0
COR	voiceless	VVC	poly	big	CVCVC	eit	eitim	0	1	0
COR	voiceless	VVC	poly	big	CVCVC	aut	autum	1	1	1
COR	voiceless	VVC	poly	big	CVCVC	øyt	øytym	0	1	1
COR	voiceless	VVCC	poly	big	CVCVC	aort	aortum	1	0	1
COR	alternating	VVCVC	poly	big	CVCVC	i:ʤat	i:ʤa:dɯm	1	0	0
COR	alternating	VVCVC	poly	big	CVCVC	a:bat	a:ba:dɯm	1	0	0
COR	alternating	VVCVC	poly	big	CVCVC	i:rat	i:ra:dɯm	1	0	0
COR	voiceless	VVCVC	poly	big	CVCVC	a:lʲat	a:lʲatɯm	1	0	0
COR	voiceless	VVCVC	poly	big	CVCVC	aidat	aida:tɯm	1	0	0
COR	voiceless	VVCVC	poly	big	CVCVC	a:fat	a:fatɯm	1	0	0
COR	voiceless	VVCVC	poly	big	CVCVC	a:det	a:detim	0	0	0
COR	voiceless	VVCVC	poly	big	CVCVC	a:fet	a:fetim	0	0	0
COR	voiceless	VVCVC	poly	big	CVCVC	a:let	a:letim	0	0	0
COR	voiceless	VVCVC	poly	big	CVCVC	a:jet	a:jetim	0	0	0
COR	voiceless	VVCVC	poly	big	CVCVC	a:hit	a:hitim	0	1	0
COR	alternating	VVCVCVC	poly	big	CVCVC	i:timat	i:tima:dɯm	1	0	0
COR	voiced	VVCVCVC	poly	big	CVCVC	i:tikad	i:tika:dɯm	1	0	0
COR	voiceless	VVCVCVC	poly	big	CVCVC	aidijet	aidijetim	0	0	0
COR	voiceless	VVCVCVC	poly	big	CVCVC	a:kɯbet	a:kɯbetim	0	0	0
COR	voiceless	VVCVCVC	poly	big	CVCVC	a:rijet	a:rijetim	0	0	0
COR	voiceless	VVCVCVC	poly	big	CVCVC	a:tɯfet	a:tɯfetim	0	0	0
COR	voiceless	VVCVCVCC	poly	big	CVCVC	a:ferist	a:feristim	0	1	0
DOR	alternating	CCVC	mono	CVC	CVC	brik	briim	0	1	0
DOR	voiceless	CCVC	mono	CVC	CVC	stok	sɯtokum	1	0	1
DOR	alternating	CCVCCVC	poly	big	CVCVC	brovnik	brovniim	0	1	0
DOR	voiced	CCVCCVCC	poly	big	CVCVC	sterling	sterlingim	0	1	0
DOR	alternating	CCVCVC	poly	big	CVCVC	slovak	slovaɯm	1	0	0
DOR	alternating	CCVCVC	poly	big	CVCVC	pratik	pratiim	0	1	0
DOR	alternating	CCVCVC	poly	big	CVCVC	statik	statiim	0	1	0
DOR	voiceless	CCVCVCC	poly	big	CVCVC	grotesk	groteskim	0	0	0
DOR	alternating	CCVCVCVC	poly	big	CVCVC	spesifik	spesifiim	0	1	0
DOR	voiceless	CCVCVCVCVC	poly	big	CVCVC	stafilʲokok	stafilʲokokum	1	0	1
DOR	vacillator	CVC	mono	CVC	CVC	gøk	gøkym gøym	0	0	1
DOR	voiced	CVC	mono	CVC	CVC	lig	ligim	0	1	0
DOR	voiced	CVC	mono	CVC	CVC	fyg	fygym	0	1	1
DOR	voiceless	CVC	mono	CVC	CVC	kak	kakɯm	1	0	0
DOR	voiceless	CVC	mono	CVC	CVC	pak	pakɯm	1	0	0
DOR	voiceless	CVC	mono	CVC	CVC	ʃak	ʃakɯm	1	0	0
DOR	voiceless	CVC	mono	CVC	CVC	sak	sakɯm	1	0	0
DOR	voiceless	CVC	mono	CVC	CVC	tak	takɯm	1	0	0
DOR	voiceless	CVC	mono	CVC	CVC	jak	jakɯm	1	0	0
DOR	voiceless	CVC	mono	CVC	CVC	lʲak	lʲakɯm	1	0	0
DOR	voiceless	CVC	mono	CVC	CVC	bek	bekim	0	0	0
DOR	voiceless	CVC	mono	CVC	CVC	ʧek	ʧekim	0	0	0
DOR	voiceless	CVC	mono	CVC	CVC	dek	dekim	0	0	0
DOR	voiceless	CVC	mono	CVC	CVC	fek	fekim	0	0	0
DOR	voiceless	CVC	mono	CVC	CVC	mek	mekim	0	0	0
DOR	voiceless	CVC	mono	CVC	CVC	pek	pekim	0	0	0
DOR	voiceless	CVC	mono	CVC	CVC	sek	sekim	0	0	0
DOR	voiceless	CVC	mono	CVC	CVC	jek	jekim	0	0	0
DOR	voiceless	CVC	mono	CVC	CVC	dik	dikim	0	1	0
DOR	voiceless	CVC	mono	CVC	CVC	pik	pikim	0	1	0
DOR	voiceless	CVC	mono	CVC	CVC	sik	sikim	0	1	0
DOR	voiceless	CVC	mono	CVC	CVC	tik	tikim	0	1	0
DOR	voiceless	CVC	mono	CVC	CVC	gɯk	gɯkɯm	1	1	0
DOR	voiceless	CVC	mono	CVC	CVC	ʃɯk	ʃɯkɯm	1	1	0
DOR	voiceless	CVC	mono	CVC	CVC	sɯk	sɯkɯm	1	1	0
DOR	voiceless	CVC	mono	CVC	CVC	tɯk	tɯkɯm	1	1	0
DOR	voiceless	CVC	mono	CVC	CVC	bok	bokum	1	0	1
DOR	voiceless	CVC	mono	CVC	CVC	ʧok	ʧokum	1	0	1
DOR	voiceless	CVC	mono	CVC	CVC	dok	dokum	1	0	1
DOR	voiceless	CVC	mono	CVC	CVC	fok	fokum	1	0	1
DOR	voiceless	CVC	mono	CVC	CVC	kok	kokum	1	0	1
DOR	voiceless	CVC	mono	CVC	CVC	rok	rokum	1	0	1
DOR	voiceless	CVC	mono	CVC	CVC	ʃok	ʃokum	1	0	1
DOR	voiceless	CVC	mono	CVC	CVC	tok	tokum	1	0	1
DOR	voiceless	CVC	mono	CVC	CVC	jok	jokum	1	0	1
DOR	voiceless	CVC	mono	CVC	CVC	køk	køkym	0	0	1
DOR	voiceless	CVC	mono	CVC	CVC	jøk	jøkym	0	0	1
DOR	voiceless	CVC	mono	CVC	CVC	ʤuk	ʤukum	1	1	1
DOR	voiceless	CVC	mono	CVC	CVC	ʧyk	ʧykym	0	1	1
DOR	voiceless	CVC	mono	CVC	CVC	dyk	dykym	0	1	1
DOR	voiceless	CVCC	mono	big	CVCC	rɯzk	rɯzkɯm	1	1	0
DOR	voiceless	CVCC	mono	big	CVCC	pejk	pejkim	0	0	0
DOR	voiceless	CVCC	mono	big	CVCC	kejk	kejkim	0	0	0
DOR	voiceless	CVCC	mono	big	CVCC	fevk	fevkim	0	0	0
DOR	voiceless	CVCC	mono	big	CVCC	ʃevk	ʃevkim	0	0	0
DOR	voiceless	CVCC	mono	big	CVCC	sevk	sevkim	0	0	0
DOR	voiceless	CVCC	mono	big	CVCC	zevk	zevkim	0	0	0
DOR	voiceless	CVCC	mono	big	CVCC	meʃk	meʃkim	0	0	0
DOR	voiceless	VCC	mono	big	CVCC	aʃk	aʃkɯm	1	0	0
DOR	voiceless	CVCC	mono	big	CVCC	bask	baskɯm	1	0	0
DOR	voiceless	CVCC	mono	big	CVCC	mask	maskɯm	1	0	0
DOR	voiceless	CVCC	mono	big	CVCC	fisk	fiskim	0	1	0
DOR	voiceless	CVCC	mono	big	CVCC	risk	riskim	0	1	0
DOR	voiced	CVCC	mono	big	CVCC	morg	morgum	1	0	1
DOR	voiceless	CVCC	mono	big	CVCC	ʧark	ʧarkɯm	1	0	0
DOR	voiceless	CVCC	mono	big	CVCC	fark	farkɯm	1	0	0
DOR	voiceless	CVCC	mono	big	CVCC	gark	garkɯm	1	0	0
DOR	voiceless	CVCC	mono	big	CVCC	mark	markɯm	1	0	0
DOR	voiceless	CVCC	mono	big	CVCC	park	parkɯm	1	0	0
DOR	voiceless	CVCC	mono	big	CVCC	ʃark	ʃarkɯm	1	0	0
DOR	voiceless	CVCC	mono	big	CVCC	terk	terkim	0	0	0
DOR	voiceless	CVCC	mono	big	CVCC	zerk	zerkim	0	0	0
DOR	voiceless	CVCC	mono	big	CVCC	ʃirk	ʃirkim	0	1	0
DOR	voiceless	CVCC	mono	big	CVCC	sirk	sirkim	0	1	0
DOR	voiceless	CVCC	mono	big	CVCC	kɯrk	kɯrkɯm	1	1	0
DOR	voiceless	CVCC	mono	big	CVCC	kyrk	kyrkym	0	1	1
DOR	voiceless	CVCC	mono	big	CVCC	tyrk	tyrkym	0	1	1
DOR	voiceless	VCC	mono	big	CVCC	ark	arkɯm	1	0	0
DOR	voiceless	VCC	mono	big	CVCC	erk	erkim	0	0	0
DOR	voiceless	VCC	mono	big	CVCC	ɯrk	ɯrkɯm	1	1	0
DOR	alternating	CVCC	mono	big	CVCC	ʤenk	ʤengim	0	0	0
DOR	alternating	CVCC	mono	big	CVCC	denk	dengim	0	0	0
DOR	alternating	CVCC	mono	big	CVCC	renk	rengim	0	0	0
DOR	alternating	CVCC	mono	big	CVCC	fink	fingim	0	1	0
DOR	alternating	CVCC	mono	big	CVCC	gonk	gongum	1	0	1
DOR	voiced	CVCC	mono	big	CVCC	gang	gangɯm	1	0	0
DOR	voiced	CVCC	mono	big	CVCC	fing	fingim	0	1	0
DOR	voiced	CVCC	mono	big	CVCC	ring	ringim	0	1	0
DOR	voiceless	CVCC	mono	big	CVCC	bank	bankɯm	1	0	0
DOR	voiceless	CVCC	mono	big	CVCC	tank	tankɯm	1	0	0
DOR	voiceless	CVCC	mono	big	CVCC	link	linkim	0	1	0
DOR	voiceless	CVCC	mono	big	CVCC	mink	minkim	0	1	0
DOR	voiceless	CVCC	mono	big	CVCC	hɯnk	hɯnkɯm	1	1	0
DOR	voiceless	CVCC	mono	big	CVCC	zɯnk	zɯnkɯm	1	1	0
DOR	voiceless	CVCC	mono	big	CVCC	zonk	zonkum	1	0	1
DOR	voiceless	CVCC	mono	big	CVCC	kynk	kynkym	0	1	1
DOR	voiceless	CVCC	mono	big	CVCC	zamk	zamkɯm	1	0	0
DOR	voiceless	CVCC	mono	big	CVCC	halk	halkɯm	1	0	0
DOR	voiceless	CVCC	mono	big	CVCC	kalk	kalkɯm	1	0	0
DOR	voiceless	CVCC	mono	big	CVCC	talk	talkɯm	1	0	0
DOR	voiceless	CVCC	mono	big	CVCC	ʤɯlk	ʤɯlkɯm	1	1	0
DOR	voiceless	CVCC	mono	big	CVCC	folk	folkum	1	0	1
DOR	voiceless	CVCC	mono	big	CVCC	mylk	mylkym	0	1	1
DOR	alternating	CVCCCVC	poly	big	CVCVC	ʤartlak	ʤartlaɯm	1	0	0
DOR	alternating	CVCCCVC	poly	big	CVCVC	ʤɯrtlak	ʤɯrtlaɯm	1	0	0
DOR	alternating	CVCCCVC	poly	big	CVCVC	gɯrtlak	gɯrtlaɯm	1	0	0
DOR	alternating	CVCCCVC	poly	big	CVCVC	hortlak	hortlaɯm	1	0	0
DOR	alternating	CVCCCVC	poly	big	CVCVC	ʃejhlik	ʃejhliim	0	1	0
DOR	alternating	CVCCCVC	poly	big	CVCVC	terslik	tersliim	0	1	0
DOR	alternating	CVCCCVC	poly	big	CVCVC	kontluk	kontluum	1	1	1
DOR	voiced	CVCCCVCC	poly	big	CVCVC	pingpong	pingpongum	1	0	1
DOR	voiceless	CVCCCVCC	poly	big	CVCVC	tyrkbank	tyrkbankɯm	1	0	0
DOR	alternating	CVCCCVCVC	poly	big	CVCVC	saltʧɯlɯk	saltʧɯlɯɯm	1	1	0
DOR	alternating	CVCCVC	poly	big	CVCVC	bardak	bardaɯm	1	0	0
DOR	alternating	CVCCVC	poly	big	CVCVC	bajrak	bajraɯm	1	0	0
DOR	alternating	CVCCVC	poly	big	CVCVC	berrak	berraɯm	1	0	0
DOR	alternating	CVCCVC	poly	big	CVCVC	boʃnak	boʃnaɯm	1	0	0
DOR	alternating	CVCCVC	poly	big	CVCVC	bullak	bullaɯm	1	0	0
DOR	alternating	CVCCVC	poly	big	CVCVC	ʧatlak	ʧatlaɯm	1	0	0
DOR	alternating	CVCCVC	poly	big	CVCVC	ʧajlak	ʧajlaɯm	1	0	0
DOR	alternating	CVCCVC	poly	big	CVCVC	ʧɯplak	ʧɯplaɯm	1	0	0
DOR	alternating	CVCCVC	poly	big	CVCVC	ʤavlak	ʤavlaɯm	1	0	0
DOR	alternating	CVCCVC	poly	big	CVCVC	ʤɯrlak	ʤɯrlaɯm	1	0	0
DOR	alternating	CVCCVC	poly	big	CVCVC	dazlak	dazlaɯm	1	0	0
DOR	alternating	CVCCVC	poly	big	CVCVC	dɯzlak	dɯzlaɯm	1	0	0
DOR	alternating	CVCCVC	poly	big	CVCVC	kalpak	kalpaɯm	1	0	0
DOR	alternating	CVCCVC	poly	big	CVCVC	kaltak	kaltaɯm	1	0	0
DOR	alternating	CVCCVC	poly	big	CVCVC	karsak	karsaɯm	1	0	0
DOR	alternating	CVCCVC	poly	big	CVCVC	kasnak	kasnaɯm	1	0	0
DOR	alternating	CVCCVC	poly	big	CVCVC	kavʃak	kavʃaɯm	1	0	0
DOR	alternating	CVCCVC	poly	big	CVCVC	kajnak	kajnaɯm	1	0	0
DOR	alternating	CVCCVC	poly	big	CVCVC	kajpak	kajpaɯm	1	0	0
DOR	alternating	CVCCVC	poly	big	CVCVC	kɯsrak	kɯsraɯm	1	0	0
DOR	alternating	CVCCVC	poly	big	CVCVC	kɯstak	kɯstaɯm	1	0	0
DOR	alternating	CVCCVC	poly	big	CVCVC	kɯvrak	kɯvraɯm	1	0	0
DOR	alternating	CVCCVC	poly	big	CVCVC	kontak	kontaɯm	1	0	0
DOR	alternating	CVCCVC	poly	big	CVCVC	konjak	konjaɯm	1	0	0
DOR	alternating	CVCCVC	poly	big	CVCVC	korkak	korkaɯm	1	0	0
DOR	alternating	CVCCVC	poly	big	CVCVC	kostak	kostaɯm	1	0	0
DOR	alternating	CVCCVC	poly	big	CVCVC	kundak	kundaɯm	1	0	0
DOR	alternating	CVCCVC	poly	big	CVCVC	kursak	kursaɯm	1	0	0
DOR	alternating	CVCCVC	poly	big	CVCVC	matrak	matraɯm	1	0	0
DOR	alternating	CVCCVC	poly	big	CVCVC	mɯzrak	mɯzraɯm	1	0	0
DOR	alternating	CVCCVC	poly	big	CVCVC	myʃtak	myʃtaɯm	1	0	0
DOR	alternating	CVCCVC	poly	big	CVCVC	mutfak	mutfaɯm	1	0	0
DOR	alternating	CVCCVC	poly	big	CVCVC	mutlak	mutlaɯm	1	0	0
DOR	alternating	CVCCVC	poly	big	CVCVC	parlak	parlaɯm	1	0	0
DOR	alternating	CVCCVC	poly	big	CVCVC	parmak	parmaɯm	1	0	0
DOR	alternating	CVCCVC	poly	big	CVCVC	patlak	patlaɯm	1	0	0
DOR	alternating	CVCCVC	poly	big	CVCVC	pajtak	pajtaɯm	1	0	0
DOR	alternating	CVCCVC	poly	big	CVCVC	ʃakrak	ʃakraɯm	1	0	0
DOR	alternating	CVCCVC	poly	big	CVCVC	ʃakʃak	ʃakʃaɯm	1	0	0
DOR	alternating	CVCCVC	poly	big	CVCVC	ʃaplak	ʃaplaɯm	1	0	0
DOR	alternating	CVCCVC	poly	big	CVCVC	ʃipʃak	ʃipʃaɯm	1	0	0
DOR	alternating	CVCCVC	poly	big	CVCVC	sarsak	sarsaɯm	1	0	0
DOR	alternating	CVCCVC	poly	big	CVCVC	taktak	taktaɯm	1	0	0
DOR	alternating	CVCCVC	poly	big	CVCVC	taslak	taslaɯm	1	0	0
DOR	alternating	CVCCVC	poly	big	CVCVC	tiktak	tiktaɯm	1	0	0
DOR	alternating	CVCCVC	poly	big	CVCVC	tombak	tombaɯm	1	0	0
DOR	alternating	CVCCVC	poly	big	CVCVC	toprak	topraɯm	1	0	0
DOR	alternating	CVCCVC	poly	big	CVCVC	tojnak	tojnaɯm	1	0	0
DOR	alternating	CVCCVC	poly	big	CVCVC	vakvak	vakvaɯm	1	0	0
DOR	alternating	CVCCVC	poly	big	CVCVC	jalpak	jalpaɯm	1	0	0
DOR	alternating	CVCCVC	poly	big	CVCVC	japrak	japraɯm	1	0	0
DOR	alternating	CVCCVC	poly	big	CVCVC	jaʃmak	jaʃmaɯm	1	0	0
DOR	alternating	CVCCVC	poly	big	CVCVC	javʃak	javʃaɯm	1	0	0
DOR	alternating	CVCCVC	poly	big	CVCVC	zambak	zambaɯm	1	0	0
DOR	alternating	CVCCVC	poly	big	CVCVC	zɯrlak	zɯrlaɯm	1	0	0
DOR	alternating	CVCCVC	poly	big	CVCVC	zikzak	zikzaɯm	1	0	0
DOR	alternating	CVCCVC	poly	big	CVCVC	barsak	barsaɯm	1	0	0
DOR	alternating	CVCCVC	poly	big	CVCVC	lʲaklʲak	lʲaklʲaɯm	1	0	0
DOR	alternating	CVCCVC	poly	big	CVCVC	lejlʲak	lejlʲaɯm	1	0	0
DOR	alternating	CVCCVC	poly	big	CVCVC	telʲlʲak	telʲlʲaɯm	1	0	0
DOR	alternating	CVCCVC	poly	big	CVCVC	tutsak	tutsaɯm	1	0	0
DOR	alternating	CVCCVC	poly	big	CVCVC	bellek	belleim	0	0	0
DOR	alternating	CVCCVC	poly	big	CVCVC	beslek	besleim	0	0	0
DOR	alternating	CVCCVC	poly	big	CVCVC	biftek	bifteim	0	0	0
DOR	alternating	CVCCVC	poly	big	CVCVC	bøbrek	bøbreim	0	0	0
DOR	alternating	CVCCVC	poly	big	CVCVC	ʧekʧek	ʧekʧeim	0	0	0
DOR	alternating	CVCCVC	poly	big	CVCVC	ʧejrek	ʧejreim	0	0	0
DOR	alternating	CVCCVC	poly	big	CVCVC	ʧømlek	ʧømleim	0	0	0
DOR	alternating	CVCCVC	poly	big	CVCVC	dernek	derneim	0	0	0
DOR	alternating	CVCCVC	poly	big	CVCVC	dirsek	dirseim	0	0	0
DOR	alternating	CVCCVC	poly	big	CVCVC	diʃlek	diʃleim	0	0	0
DOR	alternating	CVCCVC	poly	big	CVCVC	dymtek	dymteim	0	0	0
DOR	alternating	CVCCVC	poly	big	CVCVC	fellek	felleim	0	0	0
DOR	alternating	CVCCVC	poly	big	CVCVC	gerʧek	gerʧeim	0	0	0
DOR	alternating	CVCCVC	poly	big	CVCVC	gerdek	gerdeim	0	0	0
DOR	alternating	CVCCVC	poly	big	CVCVC	gevrek	gevreim	0	0	0
DOR	alternating	CVCCVC	poly	big	CVCVC	gevʃek	gevʃeim	0	0	0
DOR	alternating	CVCCVC	poly	big	CVCVC	gømlek	gømleim	0	0	0
DOR	alternating	CVCCVC	poly	big	CVCVC	hersek	herseim	0	0	0
DOR	alternating	CVCCVC	poly	big	CVCVC	køstek	køsteim	0	0	0
DOR	alternating	CVCCVC	poly	big	CVCVC	levrek	levreim	0	0	0
DOR	alternating	CVCCVC	poly	big	CVCVC	merʤek	merʤeim	0	0	0
DOR	alternating	CVCCVC	poly	big	CVCVC	mertek	merteim	0	0	0
DOR	alternating	CVCCVC	poly	big	CVCVC	meslek	mesleim	0	0	0
DOR	alternating	CVCCVC	poly	big	CVCVC	ʃimʃek	ʃimʃeim	0	0	0
DOR	alternating	CVCCVC	poly	big	CVCVC	sejrek	sejreim	0	0	0
DOR	alternating	CVCCVC	poly	big	CVCVC	titrek	titreim	0	0	0
DOR	alternating	CVCCVC	poly	big	CVCVC	tymsek	tymseim	0	0	0
DOR	alternating	CVCCVC	poly	big	CVCVC	jyksek	jykseim	0	0	0
DOR	alternating	CVCCVC	poly	big	CVCVC	zevzek	zevzeim	0	0	0
DOR	alternating	CVCCVC	poly	big	CVCVC	zejbek	zejbeim	0	0	0
DOR	alternating	CVCCVC	poly	big	CVCVC	birlik	birliim	0	1	0
DOR	alternating	CVCCVC	poly	big	CVCVC	ʧentik	ʧentiim	0	1	0
DOR	alternating	CVCCVC	poly	big	CVCVC	ʧevrik	ʧevriim	0	1	0
DOR	alternating	CVCCVC	poly	big	CVCVC	ʧimdik	ʧimdiim	0	1	0
DOR	alternating	CVCCVC	poly	big	CVCVC	devrik	devriim	0	1	0
DOR	alternating	CVCCVC	poly	big	CVCVC	dimdik	dimdiim	0	1	0
DOR	alternating	CVCCVC	poly	big	CVCVC	dirlik	dirliim	0	1	0
DOR	alternating	CVCCVC	poly	big	CVCVC	keklik	kekliim	0	1	0
DOR	alternating	CVCCVC	poly	big	CVCVC	kertik	kertiim	0	1	0
DOR	alternating	CVCCVC	poly	big	CVCVC	kirpik	kirpiim	0	1	0
DOR	alternating	CVCCVC	poly	big	CVCVC	metrik	metriim	0	1	0
DOR	alternating	CVCCVC	poly	big	CVCVC	mistik	mistiim	0	1	0
DOR	alternating	CVCCVC	poly	big	CVCVC	mydrik	mydriim	0	1	0
DOR	alternating	CVCCVC	poly	big	CVCVC	myʃfik	myʃfiim	0	1	0
DOR	alternating	CVCCVC	poly	big	CVCVC	muhrik	muhriim	0	1	0
DOR	alternating	CVCCVC	poly	big	CVCVC	patrik	patriim	0	1	0
DOR	alternating	CVCCVC	poly	big	CVCVC	piknik	pikniim	0	1	0
DOR	alternating	CVCCVC	poly	big	CVCVC	septik	septiim	0	1	0
DOR	alternating	CVCCVC	poly	big	CVCVC	sismik	sismiim	0	1	0
DOR	alternating	CVCCVC	poly	big	CVCVC	taktik	taktiim	0	1	0
DOR	alternating	CVCCVC	poly	big	CVCVC	tasdik	tasdiim	0	1	0
DOR	alternating	CVCCVC	poly	big	CVCVC	tatbik	tatbiim	0	1	0
DOR	alternating	CVCCVC	poly	big	CVCVC	tebrik	tebriim	0	1	0
DOR	alternating	CVCCVC	poly	big	CVCVC	tefrik	tefriim	0	1	0
DOR	alternating	CVCCVC	poly	big	CVCVC	teknik	tekniim	0	1	0
DOR	alternating	CVCCVC	poly	big	CVCVC	temlik	temliim	0	1	0
DOR	alternating	CVCCVC	poly	big	CVCVC	terlik	terliim	0	1	0
DOR	alternating	CVCCVC	poly	big	CVCVC	teʃrik	teʃriim	0	1	0
DOR	alternating	CVCCVC	poly	big	CVCVC	tevsik	tevsiim	0	1	0
DOR	alternating	CVCCVC	poly	big	CVCVC	tiftik	tiftiim	0	1	0
DOR	alternating	CVCCVC	poly	big	CVCVC	vernik	verniim	0	1	0
DOR	alternating	CVCCVC	poly	big	CVCVC	bildik	bildiim	0	1	0
DOR	alternating	CVCCVC	poly	big	CVCVC	binlik	binliim	0	1	0
DOR	alternating	CVCCVC	poly	big	CVCVC	demlik	demliim	0	1	0
DOR	alternating	CVCCVC	poly	big	CVCVC	diklik	dikliim	0	1	0
DOR	alternating	CVCCVC	poly	big	CVCVC	dilʤik	dilʤiim	0	1	0
DOR	alternating	CVCCVC	poly	big	CVCVC	dipʧik	dipʧiim	0	1	0
DOR	alternating	CVCCVC	poly	big	CVCVC	dizlik	dizliim	0	1	0
DOR	alternating	CVCCVC	poly	big	CVCVC	kellik	kelliim	0	1	0
DOR	alternating	CVCCVC	poly	big	CVCVC	lʲastik	lʲastiim	0	1	0
DOR	alternating	CVCCVC	poly	big	CVCVC	ʃeflik	ʃefliim	0	1	0
DOR	alternating	CVCCVC	poly	big	CVCVC	ʃenlik	ʃenliim	0	1	0
DOR	alternating	CVCCVC	poly	big	CVCVC	teklik	tekliim	0	1	0
DOR	alternating	CVCCVC	poly	big	CVCVC	telʤik	telʤiim	0	1	0
DOR	alternating	CVCCVC	poly	big	CVCVC	tejfik	tejfiim	0	1	0
DOR	alternating	CVCCVC	poly	big	CVCVC	jemlik	jemliim	0	1	0
DOR	alternating	CVCCVC	poly	big	CVCVC	balʧɯk	balʧɯɯm	1	1	0
DOR	alternating	CVCCVC	poly	big	CVCVC	baltɯk	baltɯɯm	1	1	0
DOR	alternating	CVCCVC	poly	big	CVCVC	bɯzdɯk	bɯzdɯɯm	1	1	0
DOR	alternating	CVCCVC	poly	big	CVCVC	ʧarmɯk	ʧarmɯɯm	1	1	0
DOR	alternating	CVCCVC	poly	big	CVCVC	ʧarpɯk	ʧarpɯɯm	1	1	0
DOR	alternating	CVCCVC	poly	big	CVCVC	ʤɯnʤɯk	ʤɯnʤɯɯm	1	1	0
DOR	alternating	CVCCVC	poly	big	CVCVC	fɯstɯk	fɯstɯɯm	1	1	0
DOR	alternating	CVCCVC	poly	big	CVCVC	kalkɯk	kalkɯɯm	1	1	0
DOR	alternating	CVCCVC	poly	big	CVCVC	kanʤɯk	kanʤɯɯm	1	1	0
DOR	alternating	CVCCVC	poly	big	CVCVC	kɯlʧɯk	kɯlʧɯɯm	1	1	0
DOR	alternating	CVCCVC	poly	big	CVCVC	kɯrpɯk	kɯrpɯɯm	1	1	0
DOR	alternating	CVCCVC	poly	big	CVCVC	kɯvrɯk	kɯvrɯɯm	1	1	0
DOR	alternating	CVCCVC	poly	big	CVCVC	kɯjmɯk	kɯjmɯɯm	1	1	0
DOR	alternating	CVCCVC	poly	big	CVCVC	mantɯk	mantɯɯm	1	1	0
DOR	alternating	CVCCVC	poly	big	CVCVC	marsɯk	marsɯɯm	1	1	0
DOR	alternating	CVCCVC	poly	big	CVCVC	maʃrɯk	maʃrɯɯm	1	1	0
DOR	alternating	CVCCVC	poly	big	CVCVC	mɯnʤɯk	mɯnʤɯɯm	1	1	0
DOR	alternating	CVCCVC	poly	big	CVCVC	ʃɯllɯk	ʃɯllɯɯm	1	1	0
DOR	alternating	CVCCVC	poly	big	CVCVC	sandɯk	sandɯɯm	1	1	0
DOR	alternating	CVCCVC	poly	big	CVCVC	sarkɯk	sarkɯɯm	1	1	0
DOR	alternating	CVCCVC	poly	big	CVCVC	sarsɯk	sarsɯɯm	1	1	0
DOR	alternating	CVCCVC	poly	big	CVCVC	sɯksɯk	sɯksɯɯm	1	1	0
DOR	alternating	CVCCVC	poly	big	CVCVC	sɯjrɯk	sɯjrɯɯm	1	1	0
DOR	alternating	CVCCVC	poly	big	CVCVC	tɯktɯk	tɯktɯɯm	1	1	0
DOR	alternating	CVCCVC	poly	big	CVCVC	tɯrmɯk	tɯrmɯɯm	1	1	0
DOR	alternating	CVCCVC	poly	big	CVCVC	tɯrtɯk	tɯrtɯɯm	1	1	0
DOR	alternating	CVCCVC	poly	big	CVCVC	jastɯk	jastɯɯm	1	1	0
DOR	alternating	CVCCVC	poly	big	CVCVC	zɯndɯk	zɯndɯɯm	1	1	0
DOR	alternating	CVCCVC	poly	big	CVCVC	zɯrnɯk	zɯrnɯɯm	1	1	0
DOR	alternating	CVCCVC	poly	big	CVCVC	ʧarlɯk	ʧarlɯɯm	1	1	0
DOR	alternating	CVCCVC	poly	big	CVCVC	ʧajlɯk	ʧajlɯɯm	1	1	0
DOR	alternating	CVCCVC	poly	big	CVCVC	darlɯk	darlɯɯm	1	1	0
DOR	alternating	CVCCVC	poly	big	CVCVC	hamlɯk	hamlɯɯm	1	1	0
DOR	alternating	CVCCVC	poly	big	CVCVC	kapʧɯk	kapʧɯɯm	1	1	0
DOR	alternating	CVCCVC	poly	big	CVCVC	kɯrlɯk	kɯrlɯɯm	1	1	0
DOR	alternating	CVCCVC	poly	big	CVCVC	kɯtlɯk	kɯtlɯɯm	1	1	0
DOR	alternating	CVCCVC	poly	big	CVCVC	ʃahlɯk	ʃahlɯɯm	1	1	0
DOR	alternating	CVCCVC	poly	big	CVCVC	saflɯk	saflɯɯm	1	1	0
DOR	alternating	CVCCVC	poly	big	CVCVC	sazlɯk	sazlɯɯm	1	1	0
DOR	alternating	CVCCVC	poly	big	CVCVC	sɯklɯk	sɯklɯɯm	1	1	0
DOR	alternating	CVCCVC	poly	big	CVCVC	varlɯk	varlɯɯm	1	1	0
DOR	alternating	CVCCVC	poly	big	CVCVC	jandɯk	jandɯɯm	1	1	0
DOR	alternating	CVCCVC	poly	big	CVCVC	jɯllɯk	jɯllɯɯm	1	1	0
DOR	alternating	CVCCVC	poly	big	CVCVC	birʧok	birʧoum	1	0	1
DOR	alternating	CVCCVC	poly	big	CVCVC	buldok	buldoum	1	0	1
DOR	alternating	CVCCVC	poly	big	CVCVC	bonʤuk	bonʤuum	1	1	1
DOR	alternating	CVCCVC	poly	big	CVCVC	bujruk	bujruum	1	1	1
DOR	alternating	CVCCVC	poly	big	CVCVC	kavruk	kavruum	1	1	1
DOR	alternating	CVCCVC	poly	big	CVCVC	koltuk	koltuum	1	1	1
DOR	alternating	CVCCVC	poly	big	CVCVC	kulluk	kulluum	1	1	1
DOR	alternating	CVCCVC	poly	big	CVCVC	kusmuk	kusmuum	1	1	1
DOR	alternating	CVCCVC	poly	big	CVCVC	kujruk	kujruum	1	1	1
DOR	alternating	CVCCVC	poly	big	CVCVC	mahruk	mahruum	1	1	1
DOR	alternating	CVCCVC	poly	big	CVCVC	metruk	metruum	1	1	1
DOR	alternating	CVCCVC	poly	big	CVCVC	mevsuk	mevsuum	1	1	1
DOR	alternating	CVCCVC	poly	big	CVCVC	musluk	musluum	1	1	1
DOR	alternating	CVCCVC	poly	big	CVCVC	porsuk	porsuum	1	1	1
DOR	alternating	CVCCVC	poly	big	CVCVC	pulluk	pulluum	1	1	1
DOR	alternating	CVCCVC	poly	big	CVCVC	savruk	savruum	1	1	1
DOR	alternating	CVCCVC	poly	big	CVCVC	taktuk	taktuum	1	1	1
DOR	alternating	CVCCVC	poly	big	CVCVC	tomruk	tomruum	1	1	1
DOR	alternating	CVCCVC	poly	big	CVCVC	jumruk	jumruum	1	1	1
DOR	alternating	CVCCVC	poly	big	CVCVC	ʧokluk	ʧokluum	1	1	1
DOR	alternating	CVCCVC	poly	big	CVCVC	ʧulluk	ʧulluum	1	1	1
DOR	alternating	CVCCVC	poly	big	CVCVC	dulluk	dulluum	1	1	1
DOR	alternating	CVCCVC	poly	big	CVCVC	kolluk	kolluum	1	1	1
DOR	alternating	CVCCVC	poly	big	CVCVC	lopʧuk	lopʧuum	1	1	1
DOR	alternating	CVCCVC	poly	big	CVCVC	mahlʲuk	mahlʲuum	1	1	1
DOR	alternating	CVCCVC	poly	big	CVCVC	tokluk	tokluum	1	1	1
DOR	alternating	CVCCVC	poly	big	CVCVC	tonluk	tonluum	1	1	1
DOR	alternating	CVCCVC	poly	big	CVCVC	tojluk	tojluum	1	1	1
DOR	alternating	CVCCVC	poly	big	CVCVC	jokluk	jokluum	1	1	1
DOR	alternating	CVCCVC	poly	big	CVCVC	jolluk	jolluum	1	1	1
DOR	alternating	CVCCVC	poly	big	CVCVC	gymryk	gymryym	0	1	1
DOR	alternating	CVCCVC	poly	big	CVCVC	pørsyk	pørsyym	0	1	1
DOR	alternating	CVCCVC	poly	big	CVCVC	pyrtyk	pyrtyym	0	1	1
DOR	alternating	CVCCVC	poly	big	CVCVC	symsyk	symsyym	0	1	1
DOR	alternating	CVCCVC	poly	big	CVCVC	syrtyk	syrtyym	0	1	1
DOR	alternating	CVCCVC	poly	big	CVCVC	tektyk	tektyym	0	1	1
DOR	alternating	CVCCVC	poly	big	CVCVC	jyksyk	jyksyym	0	1	1
DOR	alternating	CVCCVC	poly	big	CVCVC	dyzlyk	dyzlyym	0	1	1
DOR	alternating	CVCCVC	poly	big	CVCVC	gøzlyk	gøzlyym	0	1	1
DOR	alternating	CVCCVC	poly	big	CVCVC	gynlyk	gynlyym	0	1	1
DOR	vacillator	CVCCVC	poly	big	CVCVC	tetkik	tetkikim tetkiim	0	1	0
DOR	vacillator	CVCCVC	poly	big	CVCVC	benlik	benlikim benliim	0	1	0
DOR	voiceless	CVCCVC	poly	big	CVCVC	mihrak	mihra:kɯm	1	0	0
DOR	voiceless	CVCCVC	poly	big	CVCVC	mylhak	mylhakɯm	1	0	0
DOR	voiceless	CVCCVC	poly	big	CVCVC	revnak	revnakɯm	1	0	0
DOR	voiceless	CVCCVC	poly	big	CVCVC	keʃkek	keʃkekim	0	0	0
DOR	voiceless	CVCCVC	poly	big	CVCVC	mahrek	mahrekim	0	0	0
DOR	voiceless	CVCCVC	poly	big	CVCVC	peltek	peltekim	0	0	0
DOR	voiceless	CVCCVC	poly	big	CVCVC	myʃrik	myʃrikim	0	1	0
DOR	voiceless	CVCCVC	poly	big	CVCVC	tahkik	tahkikim	0	1	0
DOR	voiceless	CVCCVC	poly	big	CVCVC	tahrik	tahrikim	0	1	0
DOR	voiceless	CVCCVC	poly	big	CVCVC	tazjik	tazjikim	0	1	0
DOR	voiceless	CVCCVC	poly	big	CVCVC	teʃvik	teʃvikim	0	1	0
DOR	voiceless	CVCCVC	poly	big	CVCVC	meʃkʲuk	meʃkʲukum	1	1	1
DOR	alternating	CVCCVCC	poly	big	CVCVC	jekrenk	jekrengim	0	0	0
DOR	alternating	CVCCVCC	poly	big	CVCVC	holdink	holdingim	0	1	0
DOR	voiced	CVCCVCC	poly	big	CVCVC	damping	dampingim	0	1	0
DOR	voiced	CVCCVCC	poly	big	CVCVC	dansing	dansingim	0	1	0
DOR	voiced	CVCCVCC	poly	big	CVCVC	ʃezlong	ʃezlongum	1	0	1
DOR	voiceless	CVCCVCC	poly	big	CVCVC	burlesk	burleskim	0	0	0
DOR	alternating	CVCCVCCCVC	poly	big	CVCVC	kontɯrplʲak	kontɯrplʲaɯm	1	0	0
DOR	alternating	CVCCVCCVC	poly	big	CVCVC	baʃparmak	baʃparmaɯm	1	0	0
DOR	alternating	CVCCVCCVC	poly	big	CVCVC	ʤasʤavlak	ʤasʤavlaɯm	1	0	0
DOR	alternating	CVCCVCCVC	poly	big	CVCVC	damdazlak	damdazlaɯm	1	0	0
DOR	alternating	CVCCVCCVC	poly	big	CVCVC	dɯmdɯzlak	dɯmdɯzlaɯm	1	0	0
DOR	alternating	CVCCVCCVC	poly	big	CVCVC	kɯskɯvrak	kɯskɯvraɯm	1	0	0
DOR	alternating	CVCCVCCVC	poly	big	CVCVC	ʒimnastik	ʒimnastiim	0	1	0
DOR	alternating	CVCCVCCVC	poly	big	CVCVC	kimdenlik	kimdenliim	0	1	0
DOR	alternating	CVCCVCCVC	poly	big	CVCVC	mehmetʧik	mehmetʧiim	0	1	0
DOR	alternating	CVCCVCCVC	poly	big	CVCVC	takrirlik	takrirliim	0	1	0
DOR	alternating	CVCCVCCVC	poly	big	CVCVC	buldumʤuk	buldumʤuum	1	1	1
DOR	alternating	CVCCVCCVC	poly	big	CVCVC	kɯlkujruk	kɯlkujruum	1	1	1
DOR	alternating	CVCCVCCVC	poly	big	CVCVC	tekgøzlyk	tekgøzlyym	0	1	1
DOR	voiceless	CVCCVCCVC	poly	big	CVCVC	ʧitlembik	ʧitlembikim	0	1	0
DOR	voiceless	CVCCVCCVC	poly	big	CVCVC	mystantik	mystantikim	0	1	0
DOR	voiceless	CVCCVCCVC	poly	big	CVCVC	mystehlik	mystehlikim	0	1	0
DOR	voiceless	CVCCVCCVC	poly	big	CVCVC	fajvoklok	fajvoklokum	1	0	1
DOR	alternating	CVCCVCCVCCVC	poly	big	CVCVC	pørʧykpørʧyk	pørʧykpørʧyym	0	1	1
DOR	alternating	CVCCVCCVCVC	poly	big	CVCVC	gøstermelik	gøstermeliim	0	1	0
DOR	alternating	CVCCVCCVCVC	poly	big	CVCVC	herjerdelik	herjerdeliim	0	1	0
DOR	alternating	CVCCVCCVCVC	poly	big	CVCVC	birseslilik	birsesliliim	0	1	0
DOR	voiceless	CVCCVCCVCVC	poly	big	CVCVC	sitreptokok	sitreptokokum	1	0	1
DOR	alternating	CVCCVCCVCVCVC	poly	big	CVCVC	kordiplomatik	kordiplomatiim	0	1	0
DOR	alternating	CVCCVCVC	poly	big	CVCVC	ʧɯngɯrak	ʧɯngɯraɯm	1	0	0
DOR	alternating	CVCCVCVC	poly	big	CVCVC	ʤumbadak	ʤumbadaɯm	1	0	0
DOR	alternating	CVCCVCVC	poly	big	CVCVC	ʤuppadak	ʤuppadaɯm	1	0	0
DOR	alternating	CVCCVCVC	poly	big	CVCVC	daljarak	daljaraɯm	1	0	0
DOR	alternating	CVCCVCVC	poly	big	CVCVC	dangalak	dangalaɯm	1	0	0
DOR	alternating	CVCCVCVC	poly	big	CVCVC	dørdajak	dørdajaɯm	1	0	0
DOR	alternating	CVCCVCVC	poly	big	CVCVC	dørtajak	dørtajaɯm	1	0	0
DOR	alternating	CVCCVCVC	poly	big	CVCVC	kapkaʤak	kapkaʤaɯm	1	0	0
DOR	alternating	CVCCVCVC	poly	big	CVCVC	kajdɯrak	kajdɯraɯm	1	0	0
DOR	alternating	CVCCVCVC	poly	big	CVCVC	lʲappadak	lʲappadaɯm	1	0	0
DOR	alternating	CVCCVCVC	poly	big	CVCVC	loppadak	loppadaɯm	1	0	0
DOR	alternating	CVCCVCVC	poly	big	CVCVC	pattadak	pattadaɯm	1	0	0
DOR	alternating	CVCCVCVC	poly	big	CVCVC	ʃakkadak	ʃakkadaɯm	1	0	0
DOR	alternating	CVCCVCVC	poly	big	CVCVC	ʃarkadak	ʃarkadaɯm	1	0	0
DOR	alternating	CVCCVCVC	poly	big	CVCVC	ʃɯppadak	ʃɯppadaɯm	1	0	0
DOR	alternating	CVCCVCVC	poly	big	CVCVC	sarmɯsak	sarmɯsaɯm	1	0	0
DOR	alternating	CVCCVCVC	poly	big	CVCVC	tombalak	tombalaɯm	1	0	0
DOR	alternating	CVCCVCVC	poly	big	CVCVC	tumturak	tumturaɯm	1	0	0
DOR	alternating	CVCCVCVC	poly	big	CVCVC	jeknesak	jeknesaɯm	1	0	0
DOR	alternating	CVCCVCVC	poly	big	CVCVC	zɯppadak	zɯppadaɯm	1	0	0
DOR	alternating	CVCCVCVC	poly	big	CVCVC	dymbelek	dymbeleim	0	0	0
DOR	alternating	CVCCVCVC	poly	big	CVCVC	køstebek	køstebeim	0	0	0
DOR	alternating	CVCCVCVC	poly	big	CVCVC	kyttedek	kyttedeim	0	0	0
DOR	alternating	CVCCVCVC	poly	big	CVCVC	mendirek	mendireim	0	0	0
DOR	alternating	CVCCVCVC	poly	big	CVCVC	myʃterek	myʃtereim	0	0	0
DOR	alternating	CVCCVCVC	poly	big	CVCVC	zemberek	zembereim	0	0	0
DOR	alternating	CVCCVCVC	poly	big	CVCVC	birleʃik	birleʃiim	0	1	0
DOR	alternating	CVCCVCVC	poly	big	CVCVC	bolʃevik	bolʃeviim	0	1	0
DOR	alternating	CVCCVCVC	poly	big	CVCVC	genʤeʤik	genʤeʤiim	0	1	0
DOR	alternating	CVCCVCVC	poly	big	CVCVC	gørmelik	gørmeliim	0	1	0
DOR	alternating	CVCCVCVC	poly	big	CVCVC	kørpeʤik	kørpeʤiim	0	1	0
DOR	alternating	CVCCVCVC	poly	big	CVCVC	kozmetik	kozmetiim	0	1	0
DOR	alternating	CVCCVCVC	poly	big	CVCVC	manjetik	manjetiim	0	1	0
DOR	alternating	CVCCVCVC	poly	big	CVCVC	myttefik	myttefiim	0	1	0
DOR	alternating	CVCCVCVC	poly	big	CVCVC	narkotik	narkotiim	0	1	0
DOR	alternating	CVCCVCVC	poly	big	CVCVC	perjodik	perjodiim	0	1	0
DOR	alternating	CVCCVCVC	poly	big	CVCVC	ʃimdiʤik	ʃimdiʤiim	0	1	0
DOR	alternating	CVCCVCVC	poly	big	CVCVC	sentetik	sentetiim	0	1	0
DOR	alternating	CVCCVCVC	poly	big	CVCVC	jerleʃik	jerleʃiim	0	1	0
DOR	alternating	CVCCVCVC	poly	big	CVCVC	bilmedik	bilmediim	0	1	0
DOR	alternating	CVCCVCVC	poly	big	CVCVC	geʧmelik	geʧmeliim	0	1	0
DOR	alternating	CVCCVCVC	poly	big	CVCVC	kimseʤik	kimseʤiim	0	1	0
DOR	alternating	CVCCVCVC	poly	big	CVCVC	pimpirik	pimpiriim	0	1	0
DOR	alternating	CVCCVCVC	poly	big	CVCVC	beʃbɯjɯk	beʃbɯjɯɯm	1	1	0
DOR	alternating	CVCCVCVC	poly	big	CVCVC	burgaʤɯk	burgaʤɯɯm	1	1	0
DOR	alternating	CVCCVCVC	poly	big	CVCVC	ʧapraʃɯk	ʧapraʃɯɯm	1	1	0
DOR	alternating	CVCCVCVC	poly	big	CVCVC	fɯʃkɯrɯk	fɯʃkɯrɯɯm	1	1	0
DOR	alternating	CVCCVCVC	poly	big	CVCVC	hapʃɯrɯk	hapʃɯrɯɯm	1	1	0
DOR	alternating	CVCCVCVC	poly	big	CVCVC	kajnaʃɯk	kajnaʃɯɯm	1	1	0
DOR	alternating	CVCCVCVC	poly	big	CVCVC	manʤɯnɯk	manʤɯnɯɯm	1	1	0
DOR	alternating	CVCCVCVC	poly	big	CVCVC	pisbɯjɯk	pisbɯjɯɯm	1	1	0
DOR	alternating	CVCCVCVC	poly	big	CVCVC	posbɯjɯk	posbɯjɯɯm	1	1	0
DOR	alternating	CVCCVCVC	poly	big	CVCVC	sarmaʃɯk	sarmaʃɯɯm	1	1	0
DOR	alternating	CVCCVCVC	poly	big	CVCVC	sɯrnaʃɯk	sɯrnaʃɯɯm	1	1	0
DOR	alternating	CVCCVCVC	poly	big	CVCVC	tɯksɯrɯk	tɯksɯrɯɯm	1	1	0
DOR	alternating	CVCCVCVC	poly	big	CVCVC	jaklaʃɯk	jaklaʃɯɯm	1	1	0
DOR	alternating	CVCCVCVC	poly	big	CVCVC	japmaʤɯk	japmaʤɯɯm	1	1	0
DOR	alternating	CVCCVCVC	poly	big	CVCVC	damlaʤɯk	damlaʤɯɯm	1	1	0
DOR	alternating	CVCCVCVC	poly	big	CVCVC	formalɯk	formalɯɯm	1	1	0
DOR	alternating	CVCCVCVC	poly	big	CVCVC	haftalɯk	haftalɯɯm	1	1	0
DOR	alternating	CVCCVCVC	poly	big	CVCVC	hɯʧkɯrɯk	hɯʧkɯrɯɯm	1	1	0
DOR	alternating	CVCCVCVC	poly	big	CVCVC	karʃɯlɯk	karʃɯlɯɯm	1	1	0
DOR	alternating	CVCCVCVC	poly	big	CVCVC	ʧarʧabuk	ʧarʧabuum	1	1	1
DOR	alternating	CVCCVCVC	poly	big	CVCVC	dalkavuk	dalkavuum	1	1	1
DOR	alternating	CVCCVCVC	poly	big	CVCVC	tifduruk	tifduruum	1	1	1
DOR	alternating	CVCCVCVC	poly	big	CVCVC	kyskytyk	kyskytyym	0	1	1
DOR	alternating	CVCCVCVC	poly	big	CVCVC	køpryʤyk	køpryʤyym	0	1	1
DOR	alternating	CVCCVCVC	poly	big	CVCVC	jyzlylyk	jyzlylyym	0	1	1
DOR	voiceless	CVCCVCVC	poly	big	CVCVC	mystahak	mystaha:kɯm	1	0	0
DOR	alternating	CVCCVCVCCVC	poly	big	CVCVC	tostoparlak	tostoparlaɯm	1	0	0
DOR	alternating	CVCCVCVCCVC	poly	big	CVCVC	jusjuvarlak	jusjuvarlaɯm	1	0	0
DOR	alternating	CVCCVCVCCVC	poly	big	CVCVC	gørmemezlik	gørmemezliim	0	1	0
DOR	alternating	CVCCVCVCCVC	poly	big	CVCVC	sajmamazlɯk	sajmamazlɯɯm	1	1	0
DOR	alternating	CVCCVCVCCVC	poly	big	CVCVC	donkiʃotluk	donkiʃotluum	1	1	1
DOR	alternating	CVCCVCVCVC	poly	big	CVCVC	bastɯbaʤak	bastɯbaʤaɯm	1	0	0
DOR	alternating	CVCCVCVCVC	poly	big	CVCVC	kepʧekulak	kepʧekulaɯm	1	0	0
DOR	alternating	CVCCVCVCVC	poly	big	CVCVC	ʤonkikirik	ʤonkikiriim	0	1	0
DOR	alternating	CVCCVCVCVC	poly	big	CVCVC	dapdaraʤɯk	dapdaraʤɯɯm	1	1	0
DOR	alternating	CVCCVCVCVC	poly	big	CVCVC	karnɯjarɯk	karnɯjarɯɯm	1	1	0
DOR	alternating	CVCCVCVCVC	poly	big	CVCVC	fajdaʤɯlɯk	fajdaʤɯlɯɯm	1	1	0
DOR	voiced2	CVCCVCVCVC	poly	big	CVCVC	farmakolog	farmakoloum	1	0	1
DOR	alternating	CVCCVCVCVCVC	poly	big	CVCVC	termodinamik	termodinamiim	0	1	0
DOR	alternating	CVCCVCVCVCVC	poly	big	CVCVC	karmakarɯʃɯk	karmakarɯʃɯɯm	1	1	0
DOR	alternating	CVCCVCVCVVCVC	poly	big	CVCVC	symmeteda:rik	symmeteda:riim	0	1	0
DOR	alternating	CVCCVVCVC	poly	big	CVCVC	jumruajak	jumruajaɯm	1	0	0
DOR	alternating	CVCCVVCVC	poly	big	CVCVC	dynja:lɯk	dynja:lɯɯm	1	1	0
DOR	alternating	CVCCVVCVC	poly	big	CVCVC	minna:ʤɯk	minna:ʤɯɯm	1	1	0
DOR	voiceless	CVCCVVCVC	poly	big	CVCVC	kurba:ʤɯk	kurba:ʤɯkɯm	1	1	0
DOR	alternating	CVCCVVCVCC	poly	big	CVCVC	rengʲa:renk	rengʲa:rengim	0	0	0
DOR	alternating	CVCCVVCVCVC	poly	big	CVCVC	kesta:neʤik	kesta:neʤiim	0	1	0
DOR	alternating	CVCVC	poly	big	CVCVC	baʤak	baʤaɯm	1	0	0
DOR	alternating	CVCVC	poly	big	CVCVC	baʃak	baʃaɯm	1	0	0
DOR	alternating	CVCVC	poly	big	CVCVC	batak	bataɯm	1	0	0
DOR	alternating	CVCVC	poly	big	CVCVC	bɯʧak	bɯʧaɯm	1	0	0
DOR	alternating	CVCVC	poly	big	CVCVC	bunak	bunaɯm	1	0	0
DOR	alternating	CVCVC	poly	big	CVCVC	ʧanak	ʧanaɯm	1	0	0
DOR	alternating	CVCVC	poly	big	CVCVC	ʧomak	ʧomaɯm	1	0	0
DOR	alternating	CVCVC	poly	big	CVCVC	ʧorak	ʧoraɯm	1	0	0
DOR	alternating	CVCVC	poly	big	CVCVC	ʤijak	ʤijaɯm	1	0	0
DOR	alternating	CVCVC	poly	big	CVCVC	dalak	dalaɯm	1	0	0
DOR	alternating	CVCVC	poly	big	CVCVC	damak	damaɯm	1	0	0
DOR	alternating	CVCVC	poly	big	CVCVC	dajak	dajaɯm	1	0	0
DOR	alternating	CVCVC	poly	big	CVCVC	dudak	dudaɯm	1	0	0
DOR	alternating	CVCVC	poly	big	CVCVC	duvak	duvaɯm	1	0	0
DOR	alternating	CVCVC	poly	big	CVCVC	firak	firaɯm	1	0	0
DOR	alternating	CVCVC	poly	big	CVCVC	hamak	hamaɯm	1	0	0
DOR	alternating	CVCVC	poly	big	CVCVC	kabak	kabaɯm	1	0	0
DOR	alternating	CVCVC	poly	big	CVCVC	kapak	kapaɯm	1	0	0
DOR	alternating	CVCVC	poly	big	CVCVC	kajak	kajaɯm	1	0	0
DOR	alternating	CVCVC	poly	big	CVCVC	kɯjak	kɯjaɯm	1	0	0
DOR	alternating	CVCVC	poly	big	CVCVC	kɯzak	kɯzaɯm	1	0	0
DOR	alternating	CVCVC	poly	big	CVCVC	kuʤak	kuʤaɯm	1	0	0
DOR	alternating	CVCVC	poly	big	CVCVC	kurak	kuraɯm	1	0	0
DOR	alternating	CVCVC	poly	big	CVCVC	kuʃak	kuʃaɯm	1	0	0
DOR	alternating	CVCVC	poly	big	CVCVC	nifak	nifaɯm	1	0	0
DOR	alternating	CVCVC	poly	big	CVCVC	pasak	pasaɯm	1	0	0
DOR	alternating	CVCVC	poly	big	CVCVC	patak	pataɯm	1	0	0
DOR	alternating	CVCVC	poly	big	CVCVC	pomak	pomaɯm	1	0	0
DOR	alternating	CVCVC	poly	big	CVCVC	ramak	ramaɯm	1	0	0
DOR	alternating	CVCVC	poly	big	CVCVC	ʃafak	ʃafaɯm	1	0	0
DOR	alternating	CVCVC	poly	big	CVCVC	ʃakak	ʃakaɯm	1	0	0
DOR	alternating	CVCVC	poly	big	CVCVC	salak	salaɯm	1	0	0
DOR	alternating	CVCVC	poly	big	CVCVC	sɯʤak	sɯʤaɯm	1	0	0
DOR	alternating	CVCVC	poly	big	CVCVC	sokak	sokaɯm	1	0	0
DOR	alternating	CVCVC	poly	big	CVCVC	sudak	sudaɯm	1	0	0
DOR	alternating	CVCVC	poly	big	CVCVC	sumak	sumaɯm	1	0	0
DOR	alternating	CVCVC	poly	big	CVCVC	sunak	sunaɯm	1	0	0
DOR	alternating	CVCVC	poly	big	CVCVC	tabak	tabaɯm	1	0	0
DOR	alternating	CVCVC	poly	big	CVCVC	talʲak	talʲaɯm	1	0	0
DOR	alternating	CVCVC	poly	big	CVCVC	talak	talaɯm	1	0	0
DOR	alternating	CVCVC	poly	big	CVCVC	tarak	taraɯm	1	0	0
DOR	alternating	CVCVC	poly	big	CVCVC	taʃak	taʃaɯm	1	0	0
DOR	alternating	CVCVC	poly	big	CVCVC	topak	topaɯm	1	0	0
DOR	alternating	CVCVC	poly	big	CVCVC	tuzak	tuzaɯm	1	0	0
DOR	alternating	CVCVC	poly	big	CVCVC	varak	varaɯm	1	0	0
DOR	alternating	CVCVC	poly	big	CVCVC	vaʃak	vaʃaɯm	1	0	0
DOR	alternating	CVCVC	poly	big	CVCVC	jalak	jalaɯm	1	0	0
DOR	alternating	CVCVC	poly	big	CVCVC	jamak	jamaɯm	1	0	0
DOR	alternating	CVCVC	poly	big	CVCVC	janak	janaɯm	1	0	0
DOR	alternating	CVCVC	poly	big	CVCVC	jarak	jaraɯm	1	0	0
DOR	alternating	CVCVC	poly	big	CVCVC	jasak	jasaɯm	1	0	0
DOR	alternating	CVCVC	poly	big	CVCVC	jatak	jataɯm	1	0	0
DOR	alternating	CVCVC	poly	big	CVCVC	jumak	jumaɯm	1	0	0
DOR	alternating	CVCVC	poly	big	CVCVC	ʧolak	ʧolaɯm	1	0	0
DOR	alternating	CVCVC	poly	big	CVCVC	fɯrak	fɯraɯm	1	0	0
DOR	alternating	CVCVC	poly	big	CVCVC	kaʧak	kaʧaɯm	1	0	0
DOR	alternating	CVCVC	poly	big	CVCVC	pɯlʲak	pɯlʲaɯm	1	0	0
DOR	alternating	CVCVC	poly	big	CVCVC	tɯrak	tɯraɯm	1	0	0
DOR	alternating	CVCVC	poly	big	CVCVC	benek	beneim	0	0	0
DOR	alternating	CVCVC	poly	big	CVCVC	bezek	bezeim	0	0	0
DOR	alternating	CVCVC	poly	big	CVCVC	bilek	bileim	0	0	0
DOR	alternating	CVCVC	poly	big	CVCVC	binek	bineim	0	0	0
DOR	alternating	CVCVC	poly	big	CVCVC	bøʤek	bøʤeim	0	0	0
DOR	alternating	CVCVC	poly	big	CVCVC	børek	børeim	0	0	0
DOR	alternating	CVCVC	poly	big	CVCVC	ʧekek	ʧekeim	0	0	0
DOR	alternating	CVCVC	poly	big	CVCVC	ʧiʧek	ʧiʧeim	0	0	0
DOR	alternating	CVCVC	poly	big	CVCVC	ʧilek	ʧileim	0	0	0
DOR	alternating	CVCVC	poly	big	CVCVC	ʧørek	ʧøreim	0	0	0
DOR	alternating	CVCVC	poly	big	CVCVC	denek	deneiim	0	0	0
DOR	alternating	CVCVC	poly	big	CVCVC	dibek	dibeim	0	0	0
DOR	alternating	CVCVC	poly	big	CVCVC	direk	direim	0	0	0
DOR	alternating	CVCVC	poly	big	CVCVC	dønek	døneim	0	0	0
DOR	alternating	CVCVC	poly	big	CVCVC	døʃek	døʃeim	0	0	0
DOR	alternating	CVCVC	poly	big	CVCVC	dyjek	dyjeim	0	0	0
DOR	alternating	CVCVC	poly	big	CVCVC	felek	feleim	0	0	0
DOR	alternating	CVCVC	poly	big	CVCVC	fiʃek	fiʃeim	0	0	0
DOR	alternating	CVCVC	poly	big	CVCVC	gerek	gereim	0	0	0
DOR	alternating	CVCVC	poly	big	CVCVC	gøbek	gøbeim	0	0	0
DOR	alternating	CVCVC	poly	big	CVCVC	kelek	keleim	0	0	0
DOR	alternating	CVCVC	poly	big	CVCVC	kepek	kepeim	0	0	0
DOR	alternating	CVCVC	poly	big	CVCVC	køʧek	køʧeim	0	0	0
DOR	alternating	CVCVC	poly	big	CVCVC	køpek	køpeim	0	0	0
DOR	alternating	CVCVC	poly	big	CVCVC	kyrek	kyreim	0	0	0
DOR	alternating	CVCVC	poly	big	CVCVC	melek	meleim	0	0	0
DOR	alternating	CVCVC	poly	big	CVCVC	petek	peteim	0	0	0
DOR	alternating	CVCVC	poly	big	CVCVC	ʃebek	ʃebeim	0	0	0
DOR	alternating	CVCVC	poly	big	CVCVC	sinek	sineim	0	0	0
DOR	alternating	CVCVC	poly	big	CVCVC	syrek	syreim	0	0	0
DOR	alternating	CVCVC	poly	big	CVCVC	tezek	tezeim	0	0	0
DOR	alternating	CVCVC	poly	big	CVCVC	tyfek	tyfeim	0	0	0
DOR	alternating	CVCVC	poly	big	CVCVC	tynek	tyneim	0	0	0
DOR	alternating	CVCVC	poly	big	CVCVC	jedek	jedeim	0	0	0
DOR	alternating	CVCVC	poly	big	CVCVC	jyrek	jyreim	0	0	0
DOR	alternating	CVCVC	poly	big	CVCVC	jemek	jemeim	0	0	0
DOR	alternating	CVCVC	poly	big	CVCVC	beʃik	beʃiim	0	1	0
DOR	alternating	CVCVC	poly	big	CVCVC	bezik	beziim	0	1	0
DOR	alternating	CVCVC	poly	big	CVCVC	bitik	bitiim	0	1	0
DOR	alternating	CVCVC	poly	big	CVCVC	butik	butiim	0	1	0
DOR	alternating	CVCVC	poly	big	CVCVC	ʧelik	ʧeliim	0	1	0
DOR	alternating	CVCVC	poly	big	CVCVC	dakik	dakiim	0	1	0
DOR	alternating	CVCVC	poly	big	CVCVC	delik	deliim	0	1	0
DOR	alternating	CVCVC	poly	big	CVCVC	didik	didiim	0	1	0
DOR	alternating	CVCVC	poly	big	CVCVC	fizik	fiziim	0	1	0
DOR	alternating	CVCVC	poly	big	CVCVC	gedik	gediim	0	1	0
DOR	alternating	CVCVC	poly	big	CVCVC	gejik	gejiim	0	1	0
DOR	alternating	CVCVC	poly	big	CVCVC	gotik	gotiim	0	1	0
DOR	alternating	CVCVC	poly	big	CVCVC	kekik	kekiim	0	1	0
DOR	alternating	CVCVC	poly	big	CVCVC	kemik	kemiim	0	1	0
DOR	alternating	CVCVC	poly	big	CVCVC	kesik	kesiim	0	1	0
DOR	alternating	CVCVC	poly	big	CVCVC	kolik	koliim	0	1	0
DOR	alternating	CVCVC	poly	big	CVCVC	komik	komiim	0	1	0
DOR	alternating	CVCVC	poly	big	CVCVC	kybik	kybiim	0	1	0
DOR	alternating	CVCVC	poly	big	CVCVC	madik	madiim	0	1	0
DOR	alternating	CVCVC	poly	big	CVCVC	mekik	mekiim	0	1	0
DOR	alternating	CVCVC	poly	big	CVCVC	mimik	mimiim	0	1	0
DOR	alternating	CVCVC	poly	big	CVCVC	myzik	myziim	0	1	0
DOR	alternating	CVCVC	poly	big	CVCVC	muʒik	muʒiim	0	1	0
DOR	alternating	CVCVC	poly	big	CVCVC	nanik	naniim	0	1	0
DOR	alternating	CVCVC	poly	big	CVCVC	nazik	naziim	0	1	0
DOR	alternating	CVCVC	poly	big	CVCVC	panik	paniim	0	1	0
DOR	alternating	CVCVC	poly	big	CVCVC	patik	patiim	0	1	0
DOR	alternating	CVCVC	poly	big	CVCVC	piʃik	piʃiim	0	1	0
DOR	alternating	CVCVC	poly	big	CVCVC	rakik	rakiim	0	1	0
DOR	alternating	CVCVC	poly	big	CVCVC	refik	refiim	0	1	0
DOR	alternating	CVCVC	poly	big	CVCVC	ʃefik	ʃefiim	0	1	0
DOR	alternating	CVCVC	poly	big	CVCVC	ʃerik	ʃeriim	0	1	0
DOR	alternating	CVCVC	poly	big	CVCVC	ʃiʃik	ʃiʃiim	0	1	0
DOR	alternating	CVCVC	poly	big	CVCVC	seʧik	seʧiim	0	1	0
DOR	alternating	CVCVC	poly	big	CVCVC	sidik	sidiim	0	1	0
DOR	alternating	CVCVC	poly	big	CVCVC	sinik	siniim	0	1	0
DOR	alternating	CVCVC	poly	big	CVCVC	tetik	tetiim	0	1	0
DOR	alternating	CVCVC	poly	big	CVCVC	tipik	tipiim	0	1	0
DOR	alternating	CVCVC	poly	big	CVCVC	tonik	toniim	0	1	0
DOR	alternating	CVCVC	poly	big	CVCVC	torik	toriim	0	1	0
DOR	alternating	CVCVC	poly	big	CVCVC	jenik	jeniim	0	1	0
DOR	alternating	CVCVC	poly	big	CVCVC	jitik	jitiim	0	1	0
DOR	alternating	CVCVC	poly	big	CVCVC	dedik	dediim	0	1	0
DOR	alternating	CVCVC	poly	big	CVCVC	fajik	fajiim	0	1	0
DOR	alternating	CVCVC	poly	big	CVCVC	kɯlik	kɯliim	0	1	0
DOR	alternating	CVCVC	poly	big	CVCVC	silik	siliim	0	1	0
DOR	alternating	CVCVC	poly	big	CVCVC	balɯk	balɯɯm	1	1	0
DOR	alternating	CVCVC	poly	big	CVCVC	basɯk	basɯɯm	1	1	0
DOR	alternating	CVCVC	poly	big	CVCVC	batɯk	batɯɯm	1	1	0
DOR	alternating	CVCVC	poly	big	CVCVC	bɯdɯk	bɯdɯɯm	1	1	0
DOR	alternating	CVCVC	poly	big	CVCVC	bɯjɯk	bɯjɯɯm	1	1	0
DOR	alternating	CVCVC	poly	big	CVCVC	ʧalɯk	ʧalɯɯm	1	1	0
DOR	alternating	CVCVC	poly	big	CVCVC	ʧarɯk	ʧarɯɯm	1	1	0
DOR	alternating	CVCVC	poly	big	CVCVC	ʧatɯk	ʧatɯɯm	1	1	0
DOR	alternating	CVCVC	poly	big	CVCVC	ʧɯkɯk	ʧɯkɯɯm	1	1	0
DOR	alternating	CVCVC	poly	big	CVCVC	ʤɯvɯk	ʤɯvɯɯm	1	1	0
DOR	alternating	CVCVC	poly	big	CVCVC	fɯtɯk	fɯtɯɯm	1	1	0
DOR	alternating	CVCVC	poly	big	CVCVC	gɯʤɯk	gɯʤɯɯm	1	1	0
DOR	alternating	CVCVC	poly	big	CVCVC	kaʧɯk	kaʧɯɯm	1	1	0
DOR	alternating	CVCVC	poly	big	CVCVC	kaʃɯk	kaʃɯɯm	1	1	0
DOR	alternating	CVCVC	poly	big	CVCVC	kasɯk	kasɯɯm	1	1	0
DOR	alternating	CVCVC	poly	big	CVCVC	katɯk	katɯɯm	1	1	0
DOR	alternating	CVCVC	poly	big	CVCVC	kajɯk	kajɯɯm	1	1	0
DOR	alternating	CVCVC	poly	big	CVCVC	kazɯk	kazɯɯm	1	1	0
DOR	alternating	CVCVC	poly	big	CVCVC	kɯlɯk	kɯlɯɯm	1	1	0
DOR	alternating	CVCVC	poly	big	CVCVC	kɯsɯk	kɯsɯɯm	1	1	0
DOR	alternating	CVCVC	poly	big	CVCVC	kɯtɯk	kɯtɯɯm	1	1	0
DOR	alternating	CVCVC	poly	big	CVCVC	kɯjɯk	kɯjɯɯm	1	1	0
DOR	alternating	CVCVC	poly	big	CVCVC	saʧɯk	saʧɯɯm	1	1	0
DOR	alternating	CVCVC	poly	big	CVCVC	sanɯk	sanɯɯm	1	1	0
DOR	alternating	CVCVC	poly	big	CVCVC	sapɯk	sapɯɯm	1	1	0
DOR	alternating	CVCVC	poly	big	CVCVC	sarɯk	sarɯɯm	1	1	0
DOR	alternating	CVCVC	poly	big	CVCVC	sɯrɯk	sɯrɯɯm	1	1	0
DOR	alternating	CVCVC	poly	big	CVCVC	sɯvɯk	sɯvɯɯm	1	1	0
DOR	alternating	CVCVC	poly	big	CVCVC	tanɯk	tanɯɯm	1	1	0
DOR	alternating	CVCVC	poly	big	CVCVC	vɯʤɯk	vɯʤɯɯm	1	1	0
DOR	alternating	CVCVC	poly	big	CVCVC	janɯk	janɯɯm	1	1	0
DOR	alternating	CVCVC	poly	big	CVCVC	jarɯk	jarɯɯm	1	1	0
DOR	alternating	CVCVC	poly	big	CVCVC	jatɯk	jatɯɯm	1	1	0
DOR	alternating	CVCVC	poly	big	CVCVC	jajɯk	jajɯɯm	1	1	0
DOR	alternating	CVCVC	poly	big	CVCVC	jazɯk	jazɯɯm	1	1	0
DOR	alternating	CVCVC	poly	big	CVCVC	jɯlɯk	jɯlɯɯm	1	1	0
DOR	alternating	CVCVC	poly	big	CVCVC	barok	baroum	1	0	1
DOR	alternating	CVCVC	poly	big	CVCVC	bɯlʲok	bɯlʲoum	1	0	1
DOR	alternating	CVCVC	poly	big	CVCVC	fɯlʲok	fɯlʲoum	1	0	1
DOR	alternating	CVCVC	poly	big	CVCVC	bozuk	bozuum	1	1	1
DOR	alternating	CVCVC	poly	big	CVCVC	buʧuk	buʧuum	1	1	1
DOR	alternating	CVCVC	poly	big	CVCVC	ʧabuk	ʧabuum	1	1	1
DOR	alternating	CVCVC	poly	big	CVCVC	ʧoʤuk	ʧoʤuum	1	1	1
DOR	alternating	CVCVC	poly	big	CVCVC	ʧoluk	ʧoluum	1	1	1
DOR	alternating	CVCVC	poly	big	CVCVC	donuk	donuum	1	1	1
DOR	alternating	CVCVC	poly	big	CVCVC	goʤuk	goʤuum	1	1	1
DOR	alternating	CVCVC	poly	big	CVCVC	guguk	guguum	1	1	1
DOR	alternating	CVCVC	poly	big	CVCVC	kabuk	kabuum	1	1	1
DOR	alternating	CVCVC	poly	big	CVCVC	kavuk	kavuum	1	1	1
DOR	alternating	CVCVC	poly	big	CVCVC	konuk	konuum	1	1	1
DOR	alternating	CVCVC	poly	big	CVCVC	kopuk	kopuum	1	1	1
DOR	alternating	CVCVC	poly	big	CVCVC	kovuk	kovuum	1	1	1
DOR	alternating	CVCVC	poly	big	CVCVC	moruk	moruum	1	1	1
DOR	alternating	CVCVC	poly	big	CVCVC	natuk	natuum	1	1	1
DOR	alternating	CVCVC	poly	big	CVCVC	nutuk	nutuum	1	1	1
DOR	alternating	CVCVC	poly	big	CVCVC	pamuk	pamuum	1	1	1
DOR	alternating	CVCVC	poly	big	CVCVC	sabuk	sabuum	1	1	1
DOR	alternating	CVCVC	poly	big	CVCVC	soluk	soluum	1	1	1
DOR	alternating	CVCVC	poly	big	CVCVC	suʤuk	suʤuum	1	1	1
DOR	alternating	CVCVC	poly	big	CVCVC	tavuk	tavuum	1	1	1
DOR	alternating	CVCVC	poly	big	CVCVC	topuk	topuum	1	1	1
DOR	alternating	CVCVC	poly	big	CVCVC	tutuk	tutuum	1	1	1
DOR	alternating	CVCVC	poly	big	CVCVC	jamuk	jamuum	1	1	1
DOR	alternating	CVCVC	poly	big	CVCVC	jumuk	jumuum	1	1	1
DOR	alternating	CVCVC	poly	big	CVCVC	halʲuk	halʲuum	1	1	1
DOR	alternating	CVCVC	poly	big	CVCVC	bølyk	bølyym	0	1	1
DOR	alternating	CVCVC	poly	big	CVCVC	bykyk	bykyym	0	1	1
DOR	alternating	CVCVC	poly	big	CVCVC	byjyk	byjyym	0	1	1
DOR	alternating	CVCVC	poly	big	CVCVC	byzyk	byzyym	0	1	1
DOR	alternating	CVCVC	poly	big	CVCVC	ʧøkyk	ʧøkyym	0	1	1
DOR	alternating	CVCVC	poly	big	CVCVC	ʤyʤyk	ʤyʤyym	0	1	1
DOR	alternating	CVCVC	poly	big	CVCVC	dønyk	dønyym	0	1	1
DOR	alternating	CVCVC	poly	big	CVCVC	dydyk	dydyym	0	1	1
DOR	alternating	CVCVC	poly	big	CVCVC	dyʃyk	dyʃyym	0	1	1
DOR	alternating	CVCVC	poly	big	CVCVC	gydyk	gydyym	0	1	1
DOR	alternating	CVCVC	poly	big	CVCVC	hødyk	hødyym	0	1	1
DOR	alternating	CVCVC	poly	big	CVCVC	højyk	højyym	0	1	1
DOR	alternating	CVCVC	poly	big	CVCVC	køpyk	køpyym	0	1	1
DOR	alternating	CVCVC	poly	big	CVCVC	kyʧyk	kyʧyym	0	1	1
DOR	alternating	CVCVC	poly	big	CVCVC	kytyk	kytyym	0	1	1
DOR	alternating	CVCVC	poly	big	CVCVC	søkyk	søkyym	0	1	1
DOR	alternating	CVCVC	poly	big	CVCVC	sønyk	sønyym	0	1	1
DOR	alternating	CVCVC	poly	big	CVCVC	sylyk	sylyym	0	1	1
DOR	alternating	CVCVC	poly	big	CVCVC	symyk	symyym	0	1	1
DOR	alternating	CVCVC	poly	big	CVCVC	syzyk	syzyym	0	1	1
DOR	alternating	CVCVC	poly	big	CVCVC	tyryk	tyryym	0	1	1
DOR	alternating	CVCVC	poly	big	CVCVC	tyzyk	tyzyym	0	1	1
DOR	alternating	CVCVC	poly	big	CVCVC	jyzyk	jyzyym	0	1	1
DOR	voiceless	CVCVC	poly	big	CVCVC	kulak	kulakɯm	1	0	0
DOR	voiceless	CVCVC	poly	big	CVCVC	merak	mera:kɯm	1	0	0
DOR	voiceless	CVCVC	poly	big	CVCVC	misak	misa:kɯm	1	0	0
DOR	voiceless	CVCVC	poly	big	CVCVC	revak	reva:kɯm	1	0	0
DOR	voiceless	CVCVC	poly	big	CVCVC	helʲak	helʲakim	1	0	0
DOR	voiceless	CVCVC	poly	big	CVCVC	gɯrek	gɯrekim	0	0	0
DOR	voiceless	CVCVC	poly	big	CVCVC	ʧekik	ʧekikim	0	1	0
DOR	voiceless	CVCVC	poly	big	CVCVC	ferik	ferikim	0	1	0
DOR	voiceless	CVCVC	poly	big	CVCVC	lirik	lirikim	0	1	0
DOR	voiceless	CVCVC	poly	big	CVCVC	muhik	muhikim	0	1	0
DOR	voiceless	CVCVC	poly	big	CVCVC	lʲajik	lʲajikim	0	1	0
DOR	voiceless	CVCVC	poly	big	CVCVC	ʤaʤɯk	ʤaʤɯkɯm	1	1	0
DOR	voiceless	CVCVC	poly	big	CVCVC	hukuk	huku:kum	1	1	1
DOR	alternating	CVCVCC	poly	big	CVCVC	ʧelenk	ʧelengim	0	0	0
DOR	alternating	CVCVCC	poly	big	CVCVC	fɯrenk	fɯrengim	0	0	0
DOR	alternating	CVCVCC	poly	big	CVCVC	kepenk	kepengim	0	0	0
DOR	alternating	CVCVCC	poly	big	CVCVC	mihenk	mihengim	0	0	0
DOR	alternating	CVCVCC	poly	big	CVCVC	dopink	dopingim	0	1	0
DOR	alternating	CVCVCC	poly	big	CVCVC	fijonk	fijongum	1	0	1
DOR	voiced	CVCVCC	poly	big	CVCVC	miting	mitingim	0	1	0
DOR	voiced	CVCVCC	poly	big	CVCVC	puding	pudingim	0	1	0
DOR	voiced	CVCVCC	poly	big	CVCVC	fijong	fijongum	1	0	1
DOR	voiceless	CVCVCC	poly	big	CVCVC	tøbank	tøbankɯm	1	0	0
DOR	voiceless	CVCVCC	poly	big	CVCVC	fɯrank	fɯrankɯm	1	0	0
DOR	voiceless	CVCVCC	poly	big	CVCVC	kɯrank	kɯrankɯm	1	0	0
DOR	voiceless	CVCVCC	poly	big	CVCVC	mehenk	mehenkim	0	0	0
DOR	voiceless	CVCVCC	poly	big	CVCVC	fɯresk	fɯreskim	0	0	0
DOR	voiceless	CVCVCC	poly	big	CVCVC	rømork	rømorkum	1	0	1
DOR	alternating	CVCVCCCVCVC	poly	big	CVCVC	dekartʧɯlɯk	dekartʧɯlɯɯm	1	1	0
DOR	alternating	CVCVCCVC	poly	big	CVCVC	fɯkɯrdak	fɯkɯrdaɯm	1	0	0
DOR	alternating	CVCVCCVC	poly	big	CVCVC	fɯrɯldak	fɯrɯldaɯm	1	0	0
DOR	alternating	CVCVCCVC	poly	big	CVCVC	kakɯrdak	kakɯrdaɯm	1	0	0
DOR	alternating	CVCVCCVC	poly	big	CVCVC	kelajnak	kelajnaɯm	1	0	0
DOR	alternating	CVCVCCVC	poly	big	CVCVC	kɯkɯrdak	kɯkɯrdaɯm	1	0	0
DOR	alternating	CVCVCCVC	poly	big	CVCVC	muhakkak	muhakkaɯm	1	0	0
DOR	alternating	CVCVCCVC	poly	big	CVCVC	musaddak	musaddaɯm	1	0	0
DOR	alternating	CVCVCCVC	poly	big	CVCVC	pɯrɯldak	pɯrɯldaɯm	1	0	0
DOR	alternating	CVCVCCVC	poly	big	CVCVC	salɯnʤak	salɯnʤaɯm	1	0	0
DOR	alternating	CVCVCCVC	poly	big	CVCVC	sarɯmsak	sarɯmsaɯm	1	0	0
DOR	alternating	CVCVCCVC	poly	big	CVCVC	tɯkɯrdak	tɯkɯrdaɯm	1	0	0
DOR	alternating	CVCVCCVC	poly	big	CVCVC	toparlak	toparlaɯm	1	0	0
DOR	alternating	CVCVCCVC	poly	big	CVCVC	japɯnʤak	japɯnʤaɯm	1	0	0
DOR	alternating	CVCVCCVC	poly	big	CVCVC	jumurʤak	jumurʤaɯm	1	0	0
DOR	alternating	CVCVCCVC	poly	big	CVCVC	juvarlak	juvarlaɯm	1	0	0
DOR	alternating	CVCVCCVC	poly	big	CVCVC	birørnek	birørneim	0	0	0
DOR	alternating	CVCVCCVC	poly	big	CVCVC	tekerlek	tekerleim	0	0	0
DOR	alternating	CVCVCCVC	poly	big	CVCVC	tekørnek	tekørneim	0	0	0
DOR	alternating	CVCVCCVC	poly	big	CVCVC	balistik	balistiim	0	1	0
DOR	alternating	CVCVCCVC	poly	big	CVCVC	ʤibinlik	ʤibinliim	0	1	0
DOR	alternating	CVCVCCVC	poly	big	CVCVC	didaktik	didaktiim	0	1	0
DOR	alternating	CVCVCCVC	poly	big	CVCVC	loʒistik	loʒistiim	0	1	0
DOR	alternating	CVCVCCVC	poly	big	CVCVC	bademʤik	bademʤiim	0	1	0
DOR	alternating	CVCVCCVC	poly	big	CVCVC	bejinʤik	bejinʤiim	0	1	0
DOR	alternating	CVCVCCVC	poly	big	CVCVC	bilindik	bilindiim	0	1	0
DOR	alternating	CVCVCCVC	poly	big	CVCVC	ʧimenlik	ʧimenliim	0	1	0
DOR	alternating	CVCVCCVC	poly	big	CVCVC	delikʤik	delikʤiim	0	1	0
DOR	alternating	CVCVCCVC	poly	big	CVCVC	foseptik	foseptiim	0	1	0
DOR	alternating	CVCVCCVC	poly	big	CVCVC	gelinʤik	gelinʤiim	0	1	0
DOR	alternating	CVCVCCVC	poly	big	CVCVC	gereklik	gerekliim	0	1	0
DOR	alternating	CVCVCCVC	poly	big	CVCVC	katillik	katilliim	0	1	0
DOR	alternating	CVCVCCVC	poly	big	CVCVC	sahiplik	sahipliim	0	1	0
DOR	alternating	CVCVCCVC	poly	big	CVCVC	tɯriptik	tɯriptiim	0	1	0
DOR	alternating	CVCVCCVC	poly	big	CVCVC	kabarʤɯk	kabarʤɯɯm	1	1	0
DOR	alternating	CVCVCCVC	poly	big	CVCVC	karanlɯk	karanlɯɯm	1	1	0
DOR	alternating	CVCVCCVC	poly	big	CVCVC	maʃatlɯk	maʃatlɯɯm	1	1	0
DOR	alternating	CVCVCCVC	poly	big	CVCVC	ʧanaklɯk	ʧanaklɯɯm	1	1	0
DOR	alternating	CVCVCCVC	poly	big	CVCVC	kamɯʃʧɯk	kamɯʃʧɯɯm	1	1	0
DOR	alternating	CVCVCCVC	poly	big	CVCVC	karɯnʤɯk	karɯnʤɯɯm	1	1	0
DOR	alternating	CVCVCCVC	poly	big	CVCVC	kɯzaklɯk	kɯzaklɯɯm	1	1	0
DOR	alternating	CVCVCCVC	poly	big	CVCVC	nazarlɯk	nazarlɯɯm	1	1	0
DOR	alternating	CVCVCCVC	poly	big	CVCVC	sɯkɯmlɯk	sɯkɯmlɯɯm	1	1	0
DOR	alternating	CVCVCCVC	poly	big	CVCVC	tabakʧɯk	tabakʧɯɯm	1	1	0
DOR	alternating	CVCVCCVC	poly	big	CVCVC	tatarʤɯk	tatarʤɯɯm	1	1	0
DOR	alternating	CVCVCCVC	poly	big	CVCVC	tomurʤuk	tomurʤuum	1	1	1
DOR	alternating	CVCVCCVC	poly	big	CVCVC	jusufʧuk	jusufʧuum	1	1	1
DOR	alternating	CVCVCCVC	poly	big	CVCVC	tulumʤuk	tulumʤuum	1	1	1
DOR	alternating	CVCVCCVC	poly	big	CVCVC	jyryrlyk	jyryrlyym	0	1	1
DOR	vacillator	CVCVCCVC	poly	big	CVCVC	temellyk	temellyym temellykym	0	1	1
DOR	voiced	CVCVCCVC	poly	big	CVCVC	kopenhag	kopenhagɯm	1	0	0
DOR	voiceless	CVCVCCVC	poly	big	CVCVC	mydekkik	mydekkikim	0	1	0
DOR	voiceless	CVCVCCVC	poly	big	CVCVC	myʃevvik	myʃevvikim	0	1	0
DOR	voiceless	CVCVCCVC	poly	big	CVCVC	muharrik	muharrikim	0	1	0
DOR	voiceless	CVCVCCVC	poly	big	CVCVC	tahakkuk	tahakkukum	1	1	1
DOR	voiceless	CVCVCCVC	poly	big	CVCVC	tefevvuk	tefevvukum	1	1	1
DOR	alternating	CVCVCCVCC	poly	big	CVCVC	timurlenk	timurlengim	0	0	0
DOR	voiced	CVCVCCVCC	poly	big	CVCVC	diripling	diriplingim	0	1	0
DOR	alternating	CVCVCCVCCVC	poly	big	CVCVC	ʧɯrɯlʧɯplak	ʧɯrɯlʧɯplaɯm	1	0	0
DOR	alternating	CVCVCCVCCVCCVC	poly	big	CVCVC	tɯransatlantik	tɯransatlantiim	0	1	0
DOR	alternating	CVCVCCVCVC	poly	big	CVCVC	biliʃtirak	biliʃtiraɯm	1	0	0
DOR	alternating	CVCVCCVCVC	poly	big	CVCVC	ʤijakʤijak	ʤijakʤijaɯm	1	0	0
DOR	alternating	CVCVCCVCVC	poly	big	CVCVC	ʧekirdeʤik	ʧekirdeʤiim	0	1	0
DOR	alternating	CVCVCCVCVC	poly	big	CVCVC	delikdeʃik	delikdeʃiim	0	1	0
DOR	alternating	CVCVCCVCVC	poly	big	CVCVC	tɯravmatik	tɯravmatiim	0	1	0
DOR	alternating	CVCVCCVCVC	poly	big	CVCVC	døkyksaʧɯk	døkyksaʧɯɯm	1	1	0
DOR	alternating	CVCVCCVCVC	poly	big	CVCVC	jakɯnʤaʤɯk	jakɯnʤaʤɯɯm	1	1	0
DOR	alternating	CVCVCCVCVC	poly	big	CVCVC	kemanʤɯlɯk	kemanʤɯlɯɯm	1	1	0
DOR	alternating	CVCVCCVCVC	poly	big	CVCVC	ʧolukʧoʤuk	ʧolukʧoʤuum	1	1	1
DOR	alternating	CVCVCCVCVC	poly	big	CVCVC	sojutʧuluk	sojutʧuluum	1	1	1
DOR	voiceless	CVCVCCVCVC	poly	big	CVCVC	bilittifak	bilittifa:kɯm	1	0	0
DOR	voiceless	CVCVCCVCVC	poly	big	CVCVC	ʧekoslovak	ʧekoslovakɯm	1	0	0
DOR	alternating	CVCVCCVCVCVC	poly	big	CVCVC	karɯʃtɯraʤak	karɯʃtɯraʤaɯm	1	0	0
DOR	alternating	CVCVCVC	poly	big	CVCVC	baʤanak	baʤanaɯm	1	0	0
DOR	alternating	CVCVCVC	poly	big	CVCVC	bakanak	bakanaɯm	1	0	0
DOR	alternating	CVCVCVC	poly	big	CVCVC	barɯnak	barɯnaɯm	1	0	0
DOR	alternating	CVCVCVC	poly	big	CVCVC	basamak	basamaɯm	1	0	0
DOR	alternating	CVCVCVC	poly	big	CVCVC	ʧabuʤak	ʧabuʤaɯm	1	0	0
DOR	alternating	CVCVCVC	poly	big	CVCVC	dyzajak	dyzajaɯm	1	0	0
DOR	alternating	CVCVCVC	poly	big	CVCVC	kabalak	kabalaɯm	1	0	0
DOR	alternating	CVCVCVC	poly	big	CVCVC	kaʧamak	kaʧamaɯm	1	0	0
DOR	alternating	CVCVCVC	poly	big	CVCVC	kɯzalak	kɯzalaɯm	1	0	0
DOR	alternating	CVCVCVC	poly	big	CVCVC	kozalak	kozalaɯm	1	0	0
DOR	alternating	CVCVCVC	poly	big	CVCVC	mozalak	mozalaɯm	1	0	0
DOR	alternating	CVCVCVC	poly	big	CVCVC	takɯnak	takɯnaɯm	1	0	0
DOR	alternating	CVCVCVC	poly	big	CVCVC	tapɯnak	tapɯnaɯm	1	0	0
DOR	alternating	CVCVCVC	poly	big	CVCVC	topalak	topalaɯm	1	0	0
DOR	alternating	CVCVCVC	poly	big	CVCVC	tutamak	tutamaɯm	1	0	0
DOR	alternating	CVCVCVC	poly	big	CVCVC	japalak	japalaɯm	1	0	0
DOR	alternating	CVCVCVC	poly	big	CVCVC	jatalak	jatalaɯm	1	0	0
DOR	alternating	CVCVCVC	poly	big	CVCVC	jumuʃak	jumuʃaɯm	1	0	0
DOR	alternating	CVCVCVC	poly	big	CVCVC	ʧɯkaʤak	ʧɯkaʤaɯm	1	0	0
DOR	alternating	CVCVCVC	poly	big	CVCVC	kɯraʤak	kɯraʤaɯm	1	0	0
DOR	alternating	CVCVCVC	poly	big	CVCVC	kojaʤak	kojaʤaɯm	1	0	0
DOR	alternating	CVCVCVC	poly	big	CVCVC	pɯtɯrak	pɯtɯraɯm	1	0	0
DOR	alternating	CVCVCVC	poly	big	CVCVC	tutarak	tutaraɯm	1	0	0
DOR	alternating	CVCVCVC	poly	big	CVCVC	jakaʤak	jakaʤaɯm	1	0	0
DOR	alternating	CVCVCVC	poly	big	CVCVC	byjyʤek	byjyʤeim	0	0	0
DOR	alternating	CVCVCVC	poly	big	CVCVC	ʤivelek	ʤiveleim	0	0	0
DOR	alternating	CVCVCVC	poly	big	CVCVC	gelenek	geleneim	0	0	0
DOR	alternating	CVCVCVC	poly	big	CVCVC	gørenek	gøreneim	0	0	0
DOR	alternating	CVCVCVC	poly	big	CVCVC	kelebek	kelebeim	0	0	0
DOR	alternating	CVCVCVC	poly	big	CVCVC	kepenek	kepeneim	0	0	0
DOR	alternating	CVCVCVC	poly	big	CVCVC	kesenek	keseneim	0	0	0
DOR	alternating	CVCVCVC	poly	big	CVCVC	seʧenek	seʧeneim	0	0	0
DOR	alternating	CVCVCVC	poly	big	CVCVC	jetenek	jeteneim	0	0	0
DOR	alternating	CVCVCVC	poly	big	CVCVC	ʧekeʤek	ʧekeʤeim	0	0	0
DOR	alternating	CVCVCVC	poly	big	CVCVC	ʧizeʤek	ʧizeʤeim	0	0	0
DOR	alternating	CVCVCVC	poly	big	CVCVC	geleʤek	geleʤeim	0	0	0
DOR	alternating	CVCVCVC	poly	big	CVCVC	gyleʤek	gyleʤeim	0	0	0
DOR	alternating	CVCVCVC	poly	big	CVCVC	sileʤek	sileʤeim	0	0	0
DOR	alternating	CVCVCVC	poly	big	CVCVC	vereʤek	vereʤeim	0	0	0
DOR	alternating	CVCVCVC	poly	big	CVCVC	jijeʤek	jijeʤeim	0	0	0
DOR	alternating	CVCVCVC	poly	big	CVCVC	bilezik	bileziim	0	1	0
DOR	alternating	CVCVCVC	poly	big	CVCVC	biriʤik	biriʤiim	0	1	0
DOR	alternating	CVCVCVC	poly	big	CVCVC	bitiʃik	bitiʃiim	0	1	0
DOR	alternating	CVCVCVC	poly	big	CVCVC	botanik	botaniim	0	1	0
DOR	alternating	CVCVCVC	poly	big	CVCVC	ʧeliʃik	ʧeliʃiim	0	1	0
DOR	alternating	CVCVCVC	poly	big	CVCVC	dinamik	dinamiim	0	1	0
DOR	alternating	CVCVCVC	poly	big	CVCVC	geberik	geberiim	0	1	0
DOR	alternating	CVCVCVC	poly	big	CVCVC	genetik	genetiim	0	1	0
DOR	alternating	CVCVCVC	poly	big	CVCVC	giriʃik	giriʃiim	0	1	0
DOR	alternating	CVCVCVC	poly	big	CVCVC	gijinik	gijiniim	0	1	0
DOR	alternating	CVCVCVC	poly	big	CVCVC	gugurik	guguriim	0	1	0
DOR	alternating	CVCVCVC	poly	big	CVCVC	ʒenetik	ʒenetiim	0	1	0
DOR	alternating	CVCVCVC	poly	big	CVCVC	katolik	katoliim	0	1	0
DOR	alternating	CVCVCVC	poly	big	CVCVC	keramik	keramiim	0	1	0
DOR	alternating	CVCVCVC	poly	big	CVCVC	kikirik	kikiriim	0	1	0
DOR	alternating	CVCVCVC	poly	big	CVCVC	mekanik	mekaniim	0	1	0
DOR	alternating	CVCVCVC	poly	big	CVCVC	metelik	meteliim	0	1	0
DOR	alternating	CVCVCVC	poly	big	CVCVC	miniʤik	miniʤiim	0	1	0
DOR	alternating	CVCVCVC	poly	big	CVCVC	nitelik	niteliim	0	1	0
DOR	alternating	CVCVCVC	poly	big	CVCVC	polemik	polemiim	0	1	0
DOR	alternating	CVCVCVC	poly	big	CVCVC	politik	politiim	0	1	0
DOR	alternating	CVCVCVC	poly	big	CVCVC	sijatik	sijatiim	0	1	0
DOR	alternating	CVCVCVC	poly	big	CVCVC	venedik	venediim	0	1	0
DOR	alternating	CVCVCVC	poly	big	CVCVC	delilik	deliliim	0	1	0
DOR	alternating	CVCVCVC	poly	big	CVCVC	dirilik	diriliim	0	1	0
DOR	alternating	CVCVCVC	poly	big	CVCVC	diʃiʤik	diʃiʤiim	0	1	0
DOR	alternating	CVCVCVC	poly	big	CVCVC	gɯrafik	gɯrafiim	0	1	0
DOR	alternating	CVCVCVC	poly	big	CVCVC	kɯlasik	kɯlasiim	0	1	0
DOR	alternating	CVCVCVC	poly	big	CVCVC	kɯlinik	kɯliniim	0	1	0
DOR	alternating	CVCVCVC	poly	big	CVCVC	niʤelik	niʤeliim	0	1	0
DOR	alternating	CVCVCVC	poly	big	CVCVC	raʃetik	raʃetiim	0	1	0
DOR	alternating	CVCVCVC	poly	big	CVCVC	taneʤik	taneʤiim	0	1	0
DOR	alternating	CVCVCVC	poly	big	CVCVC	tefeʤik	tefeʤiim	0	1	0
DOR	alternating	CVCVCVC	poly	big	CVCVC	tɯrafik	tɯrafiim	0	1	0
DOR	alternating	CVCVCVC	poly	big	CVCVC	jenilik	jeniliim	0	1	0
DOR	alternating	CVCVCVC	poly	big	CVCVC	jyʤelik	jyʤeliim	0	1	0
DOR	alternating	CVCVCVC	poly	big	CVCVC	ʧakɯʃɯk	ʧakɯʃɯɯm	1	1	0
DOR	alternating	CVCVCVC	poly	big	CVCVC	ʧatɯʃɯk	ʧatɯʃɯɯm	1	1	0
DOR	alternating	CVCVCVC	poly	big	CVCVC	danɯʃɯk	danɯʃɯɯm	1	1	0
DOR	alternating	CVCVCVC	poly	big	CVCVC	dajanɯk	dajanɯɯm	1	1	0
DOR	alternating	CVCVCVC	poly	big	CVCVC	halajɯk	halajɯɯm	1	1	0
DOR	alternating	CVCVCVC	poly	big	CVCVC	kabarɯk	kabarɯɯm	1	1	0
DOR	alternating	CVCVCVC	poly	big	CVCVC	kapanɯk	kapanɯɯm	1	1	0
DOR	alternating	CVCVCVC	poly	big	CVCVC	karɯʃɯk	karɯʃɯɯm	1	1	0
DOR	alternating	CVCVCVC	poly	big	CVCVC	katɯʃɯk	katɯʃɯɯm	1	1	0
DOR	alternating	CVCVCVC	poly	big	CVCVC	kɯlɯbɯk	kɯlɯbɯɯm	1	1	0
DOR	alternating	CVCVCVC	poly	big	CVCVC	kɯrɯʃɯk	kɯrɯʃɯɯm	1	1	0
DOR	alternating	CVCVCVC	poly	big	CVCVC	kɯzamɯk	kɯzamɯɯm	1	1	0
DOR	alternating	CVCVCVC	poly	big	CVCVC	kɯzɯʃɯk	kɯzɯʃɯɯm	1	1	0
DOR	alternating	CVCVCVC	poly	big	CVCVC	kuʃanɯk	kuʃanɯɯm	1	1	0
DOR	alternating	CVCVCVC	poly	big	CVCVC	pɯsɯrɯk	pɯsɯrɯɯm	1	1	0
DOR	alternating	CVCVCVC	poly	big	CVCVC	ʃɯmarɯk	ʃɯmarɯɯm	1	1	0
DOR	alternating	CVCVCVC	poly	big	CVCVC	satɯlɯk	satɯlɯɯm	1	1	0
DOR	alternating	CVCVCVC	poly	big	CVCVC	sɯʤaʤɯk	sɯʤaʤɯɯm	1	1	0
DOR	alternating	CVCVCVC	poly	big	CVCVC	sɯkɯʃɯk	sɯkɯʃɯɯm	1	1	0
DOR	alternating	CVCVCVC	poly	big	CVCVC	sɯvɯʃɯk	sɯvɯʃɯɯm	1	1	0
DOR	alternating	CVCVCVC	poly	big	CVCVC	solaʧɯk	solaʧɯɯm	1	1	0
DOR	alternating	CVCVCVC	poly	big	CVCVC	tɯkanɯk	tɯkanɯɯm	1	1	0
DOR	alternating	CVCVCVC	poly	big	CVCVC	jakɯʃɯk	jakɯʃɯɯm	1	1	0
DOR	alternating	CVCVCVC	poly	big	CVCVC	jalɯtɯk	jalɯtɯɯm	1	1	0
DOR	alternating	CVCVCVC	poly	big	CVCVC	janaʃɯk	janaʃɯɯm	1	1	0
DOR	alternating	CVCVCVC	poly	big	CVCVC	jaraʃɯk	jaraʃɯɯm	1	1	0
DOR	alternating	CVCVCVC	poly	big	CVCVC	jɯlɯʃɯk	jɯlɯʃɯɯm	1	1	0
DOR	alternating	CVCVCVC	poly	big	CVCVC	daraʤɯk	daraʤɯɯm	1	1	0
DOR	alternating	CVCVCVC	poly	big	CVCVC	kabalɯk	kabalɯɯm	1	1	0
DOR	alternating	CVCVCVC	poly	big	CVCVC	katɯlɯk	katɯlɯɯm	1	1	0
DOR	alternating	CVCVCVC	poly	big	CVCVC	paralɯk	paralɯɯm	1	1	0
DOR	alternating	CVCVCVC	poly	big	CVCVC	sakalɯk	sakalɯɯm	1	1	0
DOR	alternating	CVCVCVC	poly	big	CVCVC	sɯkɯlɯk	sɯkɯlɯɯm	1	1	0
DOR	alternating	CVCVCVC	poly	big	CVCVC	sopaʤɯk	sopaʤɯɯm	1	1	0
DOR	alternating	CVCVCVC	poly	big	CVCVC	kuruluk	kuruluum	1	1	1
DOR	alternating	CVCVCVC	poly	big	CVCVC	kuzuʤuk	kuzuʤuum	1	1	1
DOR	alternating	CVCVCVC	poly	big	CVCVC	gylyʤyk	gylyʤyym	0	1	1
DOR	alternating	CVCVCVC	poly	big	CVCVC	kyʧyʤyk	kyʧyʤyym	0	1	1
DOR	alternating	CVCVCVC	poly	big	CVCVC	tykyryk	tykyryym	0	1	1
DOR	vacillator	CVCVCVC	poly	big	CVCVC	salaʤak	salaʤaɯm salaʤakɯm	1	0	0
DOR	voiced	CVCVCVC	poly	big	CVCVC	demagog	demagogum	1	0	1
DOR	voiced	CVCVCVC	poly	big	CVCVC	pedagog	pedagogum	1	0	1
DOR	voiced	CVCVCVC	poly	big	CVCVC	sinagog	sinagogum	1	0	1
DOR	voiced2	CVCVCVC	poly	big	CVCVC	filolog	filoloum	1	0	1
DOR	voiced2	CVCVCVC	poly	big	CVCVC	patolog	patoloum	1	0	1
DOR	voiceless	CVCVCVC	poly	big	CVCVC	teketek	teketekim	0	0	0
DOR	voiceless	CVCVCVC	poly	big	CVCVC	tehalyk	tehalykym	0	1	1
DOR	voiceless	CVCVCVC CVCVCVC	poly	big	CVCVC	mehanik mihanik	mehanikim mihanikim	0	1	0
DOR	alternating	CVCVCVCC	poly	big	CVCVC	felemenk	felemengim	0	0	0
DOR	alternating	CVCVCVCC	poly	big	CVCVC	pezevenk	pezevengim	0	0	0
DOR	voiced	CVCVCVCC	poly	big	CVCVC	bɯrifing	bɯrifingim	0	1	0
DOR	voiced	CVCVCVCC	poly	big	CVCVC	kɯliring	kɯliringim	0	1	0
DOR	voiceless	CVCVCVCC	poly	big	CVCVC	pelesenk	pelesenkim	0	0	0
DOR	voiceless	CVCVCVCC	poly	big	CVCVC	pitoresk	pitoreskim	0	0	0
DOR	alternating	CVCVCVCCVC	poly	big	CVCVC	karalejlek	karalejleim	0	0	0
DOR	alternating	CVCVCVCCVC	poly	big	CVCVC	beʃibirlik	beʃibirliim	0	1	0
DOR	alternating	CVCVCVCCVC	poly	big	CVCVC	helenistik	helenistiim	0	1	0
DOR	alternating	CVCVCVCCVC	poly	big	CVCVC	metamorfik	metamorfiim	0	1	0
DOR	alternating	CVCVCVCCVC	poly	big	CVCVC	myteferrik	myteferriim	0	1	0
DOR	alternating	CVCVCVCCVC	poly	big	CVCVC	bitiʃiklik	bitiʃikliim	0	1	0
DOR	alternating	CVCVCVCCVC	poly	big	CVCVC	tanɯsɯzlɯk	tanɯsɯzlɯɯm	1	1	0
DOR	voiceless	CVCVCVCCVC	poly	big	CVCVC	myteharrik	myteharrikim	0	1	0
DOR	alternating	CVCVCVCCVCCVC	poly	big	CVCVC	belirimsizlik	belirimsizliim	0	1	0
DOR	alternating	CVCVCVCCVCCVC	poly	big	CVCVC	dokunulmazlɯk	dokunulmazlɯɯm	1	1	0
DOR	alternating	CVCVCVCVC	poly	big	CVCVC	giderajak	giderajaɯm	1	0	0
DOR	alternating	CVCVCVCVC	poly	big	CVCVC	kabakulak	kabakulaɯm	1	0	0
DOR	alternating	CVCVCVCVC	poly	big	CVCVC	karakulak	karakulaɯm	1	0	0
DOR	alternating	CVCVCVCVC	poly	big	CVCVC	tamasalak	tamasalaɯm	1	0	0
DOR	alternating	CVCVCVCVC	poly	big	CVCVC	kɯrɯlaʤak	kɯrɯlaʤaɯm	1	0	0
DOR	alternating	CVCVCVCVC	poly	big	CVCVC	bimetalik	bimetaliim	0	1	0
DOR	alternating	CVCVCVCVC	poly	big	CVCVC	fotoʒenik	fotoʒeniim	0	1	0
DOR	alternating	CVCVCVCVC	poly	big	CVCVC	kinematik	kinematiim	0	1	0
DOR	alternating	CVCVCVCVC	poly	big	CVCVC	matematik	matematiim	0	1	0
DOR	alternating	CVCVCVCVC	poly	big	CVCVC	pɯnømatik	pɯnømatiim	0	1	0
DOR	alternating	CVCVCVCVC	poly	big	CVCVC	teleferik	teleferiim	0	1	0
DOR	alternating	CVCVCVCVC	poly	big	CVCVC	pɯlʲatonik	pɯlʲatoniim	0	1	0
DOR	alternating	CVCVCVCVC	poly	big	CVCVC	ʧabuʤaʤɯk	ʧabuʤaʤɯɯm	1	1	0
DOR	alternating	CVCVCVCVC	poly	big	CVCVC	kalabalɯk	kalabalɯɯm	1	1	0
DOR	voiced2	CVCVCVCVC	poly	big	CVCVC	ʒinekolog	ʒinekoloum	1	0	1
DOR	voiceless	CVCVCVCVC	poly	big	CVCVC	monobɯlok	monobɯlokum	1	0	1
DOR	voiceless	CVCVCVCVC	poly	big	CVCVC	jarɯbuʧuk	jarɯbuʧukum	1	1	1
DOR	alternating	CVCVCVCVCCVCVCVC	poly	big	CVCVC	jenisømyrgeʤilik	jenisømyrgeʤiliim	0	1	0
DOR	alternating	CVCVCVVCVC	poly	big	CVCVC	mytera:fik	mytera:fiim	0	1	0
DOR	voiceless	CVCVCVVCVC	poly	big	CVCVC	myteva:fɯk	myteva:fɯkɯm	1	1	0
DOR	alternating	CVCVCVVCVCCVC	poly	big	CVCVC	nemelʲa:zɯmlɯk	nemelʲa:zɯmlɯɯm	1	1	0
DOR	alternating	CVCVVC	poly	big	CVCVC	mozaik	mozaiim	0	1	0
DOR	alternating	CVCVVCCVC	poly	big	CVCVC	myteallik	mytealliim	0	1	0
DOR	alternating	CVCVVCCVC	poly	big	CVCVC	tyjaɯrlɯk	tyjaɯrlɯɯm	1	1	0
DOR	alternating	CVCVVCVC	poly	big	CVCVC	myba:rek	myba:reim	0	0	0
DOR	alternating	CVCVVCVC	poly	big	CVCVC	mema:lik	mema:liim	0	1	0
DOR	alternating	CVCVVCVC	poly	big	CVCVC	mesa:lik	mesa:liim	0	1	0
DOR	alternating	CVCVVCVC	poly	big	CVCVC	tabi:lik	tabi:liim	0	1	0
DOR	alternating	CVCVVCVC	poly	big	CVCVC	teda:rik	teda:riim	0	1	0
DOR	alternating	CVCVVCVC	poly	big	CVCVC	mera:lɯk	mera:lɯɯm	1	1	0
DOR	alternating	CVCVVCVC	poly	big	CVCVC	myna:fɯk	myna:fɯɯm	1	1	0
DOR	alternating	CVCVVCVC	poly	big	CVCVC	teta:buk	teta:buum	1	1	1
DOR	voiceless	CVCVVCVC	poly	big	CVCVC	sela:nik	sela:nikim	0	1	0
DOR	voiceless	CVCVVCVCC	poly	big	CVCVC	hema:henk	hema:henkim	0	0	0
DOR	alternating	CVCVVCVCCVCVC	poly	big	CVCVC	fotoelektirik	fotoelektiriim	0	1	0
DOR	alternating	CVCVVCVCVC	poly	big	CVCVC	niʃa:burek	niʃa:bureim	0	0	0
DOR	voiceless	CVCVVVC	poly	big	CVCVC	vesa:ik	vesa:ikim	0	1	0
DOR	alternating	CVVC	poly	big	CVCVC	souk	souum	1	1	1
DOR	voiceless	CVVC	mono	big	CVCC	ha:k	ha:kɯm	1	0	0
DOR	voiceless	CVVC	poly	big	CVCVC	saik	saikim	0	1	0
DOR	voiceless	CVVC	poly	big	CVCVC	lʲaik	lʲaikim	0	1	0
DOR	voiceless	CVVC	poly	big	CVCVC	bouk	boukum	1	1	1
DOR	alternating	CVVCCCVC	poly	big	CVCVC	baɯrtlak	baɯrtlaɯm	1	0	0
DOR	alternating	CVVCCVC	poly	big	CVCVC	muaffak	muaffaɯm	1	0	0
DOR	alternating	CVVCCVC	poly	big	CVCVC	mualʲlʲak	mualʲlʲaɯm	1	0	0
DOR	alternating	CVVCCVC	poly	big	CVCVC	daarʤɯk	daarʤɯɯm	1	1	0
DOR	alternating	CVVCCVC	poly	big	CVCVC	ʧounluk	ʧounluum	1	1	1
DOR	alternating	CVVCCVC	poly	big	CVCVC	taalʲlʲuk	taalʲlʲuum	1	1	1
DOR	alternating	CVVCCVC	poly	big	CVCVC	dyymʤyk	dyymʤyym	0	1	1
DOR	voiceless	CVVCCVC	poly	big	CVCVC	muallʲak	muallʲakɯm	1	0	0
DOR	alternating	CVVCVC	poly	big	CVCVC	mu:lʲak	mu:lʲaɯm	1	0	0
DOR	alternating	CVVCVC	poly	big	CVCVC	sa:nak	sa:naɯm	1	0	0
DOR	alternating	CVVCVC	poly	big	CVCVC	saanak	saanaɯm	1	0	0
DOR	alternating	CVVCVC	poly	big	CVCVC	sɯ:nak	sɯ:naɯm	1	0	0
DOR	alternating	CVVCVC	poly	big	CVCVC	jɯɯnak	jɯɯnaɯm	1	0	0
DOR	alternating	CVVCVC	poly	big	CVCVC	de:nek	de:neim	0	0	0
DOR	alternating	CVVCVC	poly	big	CVCVC	ʧi:lik	ʧi:liim	0	1	0
DOR	alternating	CVVCVC	poly	big	CVCVC	lʲa:jɯk	lʲa:jɯɯm	1	1	0
DOR	alternating	CVVCVC	poly	big	CVCVC	ta:rɯk	ta:rɯɯm	1	1	0
DOR	alternating	CVVCVC	poly	big	CVCVC	ba:ʤɯk	ba:ʤɯɯm	1	1	0
DOR	alternating	CVVCVC	poly	big	CVCVC	baɯʃɯk	baɯʃɯɯm	1	1	0
DOR	alternating	CVVCVC	poly	big	CVCVC	da:lɯk	da:lɯɯm	1	1	0
DOR	alternating	CVVCVC	poly	big	CVCVC	muafɯk	muafɯɯm	1	1	0
DOR	alternating	CVVCVC	poly	big	CVCVC	sa:bɯk	sa:bɯɯm	1	1	0
DOR	alternating	CVVCVC	poly	big	CVCVC	sɯ:lɯk	sɯ:lɯɯm	1	1	0
DOR	alternating	CVVCVC	poly	big	CVCVC	kauʧuk	kauʧuum	1	1	1
DOR	alternating	CVVCVC	poly	big	CVCVC	ma:ʃuk	ma:ʃuum	1	1	1
DOR	alternating	CVVCVC	poly	big	CVCVC	jo:ruk	jo:ruum	1	1	1
DOR	vacillator	CVVCVC	poly	big	CVCVC	sa:lik	sa:likim sa:liim	0	1	0
DOR	vacillator	CVVCVC	poly	big	CVCVC	ta:rik	ta:rikim ta:riim	0	1	0
DOR	voiceless	CVVCVC	poly	big	CVCVC	na:hak	na:hakɯm	1	0	0
DOR	voiceless	CVVCVC	poly	big	CVCVC	sa:bek	sa:bekim	0	0	0
DOR	voiceless	CVVCVC	poly	big	CVCVC	ta:lik	ta:likim	0	1	0
DOR	voiceless	CVVCVCC	poly	big	CVCVC	ma:fevk	ma:fevkim	0	0	0
DOR	voiceless	CVVCVCC	poly	big	CVCVC	ny:jork	ny:jorkum	1	0	1
DOR	alternating	CVVCVCCVCVC	poly	big	CVCVC	dielektirik	dielektiriim	0	1	0
DOR	alternating	CVVCVCVC	poly	big	CVCVC	sa:lɯʤak	sa:lɯʤaɯm	1	0	0
DOR	alternating	CVVCVCVC	poly	big	CVCVC	ma:melek	ma:meleim	0	0	0
DOR	alternating	CVVCVCVC	poly	big	CVCVC	ʒeofizik	ʒeofiziim	0	1	0
DOR	alternating	CVVCVCVC	poly	big	CVCVC	bu:selik	bu:seliim	0	1	0
DOR	alternating	CVVCVCVC	poly	big	CVCVC	ba:daʃɯk	ba:daʃɯɯm	1	1	0
DOR	alternating	CVVCVCVC	poly	big	CVCVC	ba:lɯlɯk	ba:lɯlɯɯm	1	1	0
DOR	voiceless	CVVCVCVC	poly	big	CVCVC	pi:rypak	pi:rypakɯm	1	0	0
DOR	alternating	CVVVCVC	poly	big	CVCVC	sa:aʧɯk	sa:aʧɯɯm	1	1	0
DOR	voiceless	VC	mono	CVC	CVC	ak	akɯm	1	0	0
DOR	voiceless	VC	mono	CVC	CVC	ek	ekim	0	0	0
DOR	voiceless	VC	mono	CVC	CVC	ok	okum	1	0	1
DOR	voiceless	VCC	mono	big	CVCC	ilk	ilkim	0	1	0
DOR	alternating	VCCCVC	poly	big	CVCVC	arktik	arktiim	0	1	0
DOR	alternating	VCCCVC	poly	big	CVCVC	altlɯk	altlɯɯm	1	1	0
DOR	voiced	VCCCVCC	poly	big	CVCVC	ajsberg	ajsbergim	0	0	0
DOR	alternating	VCCVC	poly	big	CVCVC	ablak	ablaɯm	1	0	0
DOR	alternating	VCCVC	poly	big	CVCVC	ahmak	ahmaɯm	1	0	0
DOR	alternating	VCCVC	poly	big	CVCVC	aksak	aksaɯm	1	0	0
DOR	alternating	VCCVC	poly	big	CVCVC	alʧak	alʧaɯm	1	0	0
DOR	alternating	VCCVC	poly	big	CVCVC	anʤak	anʤaɯm	1	0	0
DOR	alternating	VCCVC	poly	big	CVCVC	avlak	avlaɯm	1	0	0
DOR	alternating	VCCVC	poly	big	CVCVC	ajlak	ajlaɯm	1	0	0
DOR	alternating	VCCVC	poly	big	CVCVC	erzak	erzaɯm	1	0	0
DOR	alternating	VCCVC	poly	big	CVCVC	ɯrmak	ɯrmaɯm	1	0	0
DOR	alternating	VCCVC	poly	big	CVCVC	ɯslak	ɯslaɯm	1	0	0
DOR	alternating	VCCVC	poly	big	CVCVC	imsak	imsaɯm	1	0	0
DOR	alternating	VCCVC	poly	big	CVCVC	ortak	ortaɯm	1	0	0
DOR	alternating	VCCVC	poly	big	CVCVC	otlak	otlaɯm	1	0	0
DOR	alternating	VCCVC	poly	big	CVCVC	ojnak	ojnaɯm	1	0	0
DOR	alternating	VCCVC	poly	big	CVCVC	ojmak	ojmaɯm	1	0	0
DOR	alternating	VCCVC	poly	big	CVCVC	ekmek	ekmeim	0	0	0
DOR	alternating	VCCVC	poly	big	CVCVC	erkek	erkeim	0	0	0
DOR	alternating	VCCVC	poly	big	CVCVC	estek	esteim	0	0	0
DOR	alternating	VCCVC	poly	big	CVCVC	iʃlek	iʃleim	0	0	0
DOR	alternating	VCCVC	poly	big	CVCVC	istek	isteim	0	0	0
DOR	alternating	VCCVC	poly	big	CVCVC	ødlek	ødleim	0	0	0
DOR	alternating	VCCVC	poly	big	CVCVC	ølʧek	ølʧeim	0	0	0
DOR	alternating	VCCVC	poly	big	CVCVC	ørdek	ørdeim	0	0	0
DOR	alternating	VCCVC	poly	big	CVCVC	ørnek	ørneim	0	0	0
DOR	alternating	VCCVC	poly	big	CVCVC	yrkek	yrkeim	0	0	0
DOR	alternating	VCCVC	poly	big	CVCVC	antik	antiim	0	1	0
DOR	alternating	VCCVC	poly	big	CVCVC	aplik	apliim	0	1	0
DOR	alternating	VCCVC	poly	big	CVCVC	eksik	eksiim	0	1	0
DOR	alternating	VCCVC	poly	big	CVCVC	emzik	emziim	0	1	0
DOR	alternating	VCCVC	poly	big	CVCVC	etnik	etniim	0	1	0
DOR	alternating	VCCVC	poly	big	CVCVC	ibrik	ibriim	0	1	0
DOR	alternating	VCCVC	poly	big	CVCVC	ilmik	ilmiim	0	1	0
DOR	alternating	VCCVC	poly	big	CVCVC	imbik	imbiim	0	1	0
DOR	alternating	VCCVC	poly	big	CVCVC	inʤik	inʤiim	0	1	0
DOR	alternating	VCCVC	poly	big	CVCVC	irmik	irmiim	0	1	0
DOR	alternating	VCCVC	poly	big	CVCVC	iznik	izniim	0	1	0
DOR	alternating	VCCVC	poly	big	CVCVC	optik	optiim	0	1	0
DOR	alternating	VCCVC	poly	big	CVCVC	erlik	erliim	0	1	0
DOR	alternating	VCCVC	poly	big	CVCVC	iʧlik	iʧliim	0	1	0
DOR	alternating	VCCVC	poly	big	CVCVC	ipʧik	ipʧiim	0	1	0
DOR	alternating	VCCVC	poly	big	CVCVC	iplik	ipliim	0	1	0
DOR	alternating	VCCVC	poly	big	CVCVC	itlik	itliim	0	1	0
DOR	alternating	VCCVC	poly	big	CVCVC	ajlɯk	ajlɯɯm	1	1	0
DOR	alternating	VCCVC	poly	big	CVCVC	ajrɯk	ajrɯɯm	1	1	0
DOR	alternating	VCCVC	poly	big	CVCVC	aʧlɯk	aʧlɯɯm	1	1	0
DOR	alternating	VCCVC	poly	big	CVCVC	aklɯk	aklɯɯm	1	1	0
DOR	alternating	VCCVC	poly	big	CVCVC	allɯk	allɯɯm	1	1	0
DOR	alternating	VCCVC	poly	big	CVCVC	anlɯk	anlɯɯm	1	1	0
DOR	alternating	VCCVC	poly	big	CVCVC	aslɯk	aslɯɯm	1	1	0
DOR	alternating	VCCVC	poly	big	CVCVC	azlɯk	azlɯɯm	1	1	0
DOR	alternating	VCCVC	poly	big	CVCVC	ujruk	ujruum	1	1	1
DOR	alternating	VCCVC	poly	big	CVCVC	otluk	otluum	1	1	1
DOR	alternating	VCCVC	poly	big	CVCVC	ojluk	ojluum	1	1	1
DOR	alternating	VCCVC	poly	big	CVCVC	uzluk	uzluum	1	1	1
DOR	alternating	VCCVC	poly	big	CVCVC	ønlyk	ønlyym	0	1	1
DOR	alternating	VCCVC	poly	big	CVCVC	øzlyk	øzlyym	0	1	1
DOR	vacillator	VCCVC	poly	big	CVCVC	emlʲak	emlʲaɯm emlʲakim	1	0	0
DOR	voiceless	VCCVC	poly	big	CVCVC	elhak	elhakɯm	1	0	0
DOR	voiceless	VCCVC	poly	big	CVCVC	evrak	evra:kɯm	1	0	0
DOR	voiceless	VCCVC	poly	big	CVCVC	ihkak	ihka:kɯm	1	0	0
DOR	voiceless	VCCVC	poly	big	CVCVC	ilhak	ilhakɯm	1	0	0
DOR	voiceless	VCCVC	poly	big	CVCVC	ahlʲak	ahlʲa:kɯm	1	0	0
DOR	voiceless	VCCVC	poly	big	CVCVC	alʲlʲak	alʲlʲakɯm	1	0	0
DOR	alternating	VCCVCCVC	poly	big	CVCVC	atlantik	atlantiim	0	1	0
DOR	alternating	VCCVCCVC	poly	big	CVCVC	eklektik	eklektiim	0	1	0
DOR	alternating	VCCVCCVC	poly	big	CVCVC	ekliptik	ekliptiim	0	1	0
DOR	alternating	VCCVCCVC	poly	big	CVCVC	iplikʧik	iplikʧiim	0	1	0
DOR	alternating	VCCVCCVC	poly	big	CVCVC	enginlik	enginliim	0	1	0
DOR	alternating	VCCVCCVC	poly	big	CVCVC	erdemlik	erdemliim	0	1	0
DOR	alternating	VCCVCCVC	poly	big	CVCVC	allahlɯk	allahlɯɯm	1	1	0
DOR	alternating	VCCVCCVC	poly	big	CVCVC	aksaklɯk	aksaklɯɯm	1	1	0
DOR	alternating	VCCVCCVC	poly	big	CVCVC	altɯnʤɯk	altɯnʤɯɯm	1	1	0
DOR	alternating	VCCVCCVC	poly	big	CVCVC	iftarlɯk	iftarlɯɯm	1	1	0
DOR	alternating	VCCVCCVC	poly	big	CVCVC	ujgunluk	ujgunluum	1	1	1
DOR	voiceless	VCCVCCVC	poly	big	CVCVC	istintak	istinta:kɯm	1	0	0
DOR	voiceless	VCCVCCVC	poly	big	CVCVC	istihlʲak	istihlʲa:kim	1	0	0
DOR	voiceless	VCCVCCVC	poly	big	CVCVC	istimlʲak	istimlʲa:kim	1	0	0
DOR	voiceless	VCCVCCVC	poly	big	CVCVC	antartik	antartikim	0	1	0
DOR	alternating	VCCVCCVCVC	poly	big	CVCVC	ajdɯnʤɯlɯk	ajdɯnʤɯlɯɯm	1	1	0
DOR	alternating	VCCVCCVCVC	poly	big	CVCVC	ajrɯʃʧɯlɯk	ajrɯʃʧɯlɯɯm	1	1	0
DOR	alternating	VCCVCCVCVCCVCVC	poly	big	CVCVC	insanbiʧimʤilik	insanbiʧimʤiliim	0	1	0
DOR	alternating	VCCVCVC	poly	big	CVCVC	ɯspanak	ɯspanaɯm	1	0	0
DOR	alternating	VCCVCVC	poly	big	CVCVC	ittifak	ittifaɯm	1	0	0
DOR	alternating	VCCVCVC	poly	big	CVCVC	iʧkapak	iʧkapaɯm	1	0	0
DOR	alternating	VCCVCVC	poly	big	CVCVC	engerek	engereim	0	0	0
DOR	alternating	VCCVCVC	poly	big	CVCVC	akrilik	akriliim	0	1	0
DOR	alternating	VCCVCVC	poly	big	CVCVC	ampirik	ampiriim	0	1	0
DOR	alternating	VCCVCVC	poly	big	CVCVC	arsenik	arseniim	0	1	0
DOR	alternating	VCCVCVC	poly	big	CVCVC	estetik	estetiim	0	1	0
DOR	alternating	VCCVCVC	poly	big	CVCVC	aksɯrɯk	aksɯrɯɯm	1	1	0
DOR	alternating	VCCVCVC	poly	big	CVCVC	alʧaʤɯk	alʧaʤɯɯm	1	1	0
DOR	alternating	VCCVCVC	poly	big	CVCVC	ondalɯk	ondalɯɯm	1	1	0
DOR	alternating	VCCVCVC	poly	big	CVCVC	ablalɯk	ablalɯɯm	1	1	0
DOR	alternating	VCCVCVC	poly	big	CVCVC	arpalɯk	arpalɯɯm	1	1	0
DOR	alternating	VCCVCVC	poly	big	CVCVC	avʤɯlɯk	avʤɯlɯɯm	1	1	0
DOR	alternating	VCCVCVC	poly	big	CVCVC	ajnɯlɯk	ajnɯlɯɯm	1	1	0
DOR	alternating	VCCVCVC	poly	big	CVCVC	olmadɯk	olmadɯɯm	1	1	0
DOR	alternating	VCCVCVC	poly	big	CVCVC	ortalɯk	ortalɯɯm	1	1	0
DOR	alternating	VCCVCVC	poly	big	CVCVC	ujkuluk	ujkuluum	1	1	1
DOR	vacillator	VCCVCVC	poly	big	CVCVC	infilʲak	infilʲaɯm infilʲakim	1	0	0
DOR	voiceless	VCCVCVC	poly	big	CVCVC	almanak	almanakɯm	1	0	0
DOR	voiceless	VCCVCVC	poly	big	CVCVC	iltihak	iltihakɯm	1	0	0
DOR	voiceless	VCCVCVC	poly	big	CVCVC	insijak	insija:kɯm	1	0	0
DOR	voiceless	VCCVCVC	poly	big	CVCVC	intibak	intiba:kɯm	1	0	0
DOR	voiceless	VCCVCVC	poly	big	CVCVC	irtifak	irtifa:kɯm	1	0	0
DOR	voiceless	VCCVCVC	poly	big	CVCVC	iʃtirak	iʃtira:kɯm	1	0	0
DOR	voiceless	VCCVCVC	poly	big	CVCVC	iʃtijak	iʃtijakɯm	1	0	0
DOR	voiceless	VCCVCVCC	poly	big	CVCVC	asterisk	asteriskim	0	1	0
DOR	alternating	VCCVCVCCVC	poly	big	CVCVC	altɯparmak	altɯparmaɯm	1	0	0
DOR	alternating	VCCVCVCCVC	poly	big	CVCVC	istatistik	istatistiim	0	1	0
DOR	alternating	VCCVCVCCVC	poly	big	CVCVC	almamazlɯk	almamazlɯɯm	1	1	0
DOR	alternating	VCCVCVCCVCVC	poly	big	CVCVC	antimanjetik	antimanjetiim	0	1	0
DOR	alternating	VCCVCVCVC	poly	big	CVCVC	ortakulak	ortakulaɯm	1	0	0
DOR	alternating	VCCVCVCVC	poly	big	CVCVC	armaʤɯlɯk	armaʤɯlɯɯm	1	1	0
DOR	alternating	VCCVCVCVCVCCVC	poly	big	CVCVC	anlaʃamamazlɯk	anlaʃamamazlɯɯm	1	1	0
DOR	alternating	VCCVVC	poly	big	CVCVC	arkaik	arkaiim	0	1	0
DOR	alternating	VCCVVCCVC	poly	big	CVCVC	ekbaɯrsak	ekbaɯrsaɯm	1	0	0
DOR	voiced2	VCCVVCVC	poly	big	CVCVC	arkeolog	arkeoloum	1	0	1
DOR	alternating	VCCVVCVCVCVC	poly	big	CVCVC	evlʲa:dijelik	evlʲa:dijeliim	0	1	0
DOR	alternating	VCCVVVCCVC	poly	big	CVCVC	ortaaɯrlɯk	ortaaɯrlɯɯm	1	1	0
DOR	alternating	VCVC	poly	big	CVCVC	adak	adaɯm	1	0	0
DOR	alternating	VCVC	poly	big	CVCVC	akak	akaɯm	1	0	0
DOR	alternating	VCVC	poly	big	CVCVC	atak	ataɯm	1	0	0
DOR	alternating	VCVC	poly	big	CVCVC	ajak	ajaɯm	1	0	0
DOR	alternating	VCVC	poly	big	CVCVC	ɯrak	ɯraɯm	1	0	0
DOR	alternating	VCVC	poly	big	CVCVC	inak	inaɯm	1	0	0
DOR	alternating	VCVC	poly	big	CVCVC	oʤak	oʤaɯm	1	0	0
DOR	alternating	VCVC	poly	big	CVCVC	odak	odaɯm	1	0	0
DOR	alternating	VCVC	poly	big	CVCVC	uʧak	uʧaɯm	1	0	0
DOR	alternating	VCVC	poly	big	CVCVC	ufak	ufaɯm	1	0	0
DOR	alternating	VCVC	poly	big	CVCVC	ulak	ulaɯm	1	0	0
DOR	alternating	VCVC	poly	big	CVCVC	ujak	ujaɯm	1	0	0
DOR	alternating	VCVC	poly	big	CVCVC	uzak	uzaɯm	1	0	0
DOR	alternating	VCVC	poly	big	CVCVC	uʃak	uʃaɯm	1	0	0
DOR	alternating	VCVC	poly	big	CVCVC	elek	eleim	0	0	0
DOR	alternating	VCVC	poly	big	CVCVC	erek	ereim	0	0	0
DOR	alternating	VCVC	poly	big	CVCVC	eʃek	eʃeim	0	0	0
DOR	alternating	VCVC	poly	big	CVCVC	etek	eteim	0	0	0
DOR	alternating	VCVC	poly	big	CVCVC	iʧek	iʧeim	0	0	0
DOR	alternating	VCVC	poly	big	CVCVC	inek	ineim	0	0	0
DOR	alternating	VCVC	poly	big	CVCVC	ipek	ipeim	0	0	0
DOR	alternating	VCVC	poly	big	CVCVC	øbek	øbeim	0	0	0
DOR	alternating	VCVC	poly	big	CVCVC	akik	akiim	0	1	0
DOR	alternating	VCVC	poly	big	CVCVC	atik	atiim	0	1	0
DOR	alternating	VCVC	poly	big	CVCVC	enik	eniim	0	1	0
DOR	alternating	VCVC	poly	big	CVCVC	erik	eriim	0	1	0
DOR	alternating	VCVC	poly	big	CVCVC	eʃik	eʃiim	0	1	0
DOR	alternating	VCVC	poly	big	CVCVC	etik	etiim	0	1	0
DOR	alternating	VCVC	poly	big	CVCVC	ezik	eziim	0	1	0
DOR	alternating	VCVC	poly	big	CVCVC	ibik	ibiim	0	1	0
DOR	alternating	VCVC	poly	big	CVCVC	imik	imiim	0	1	0
DOR	alternating	VCVC	poly	big	CVCVC	inik	iniim	0	1	0
DOR	alternating	VCVC	poly	big	CVCVC	aʧɯk	aʧɯɯm	1	1	0
DOR	alternating	VCVC	poly	big	CVCVC	alɯk	alɯɯm	1	1	0
DOR	alternating	VCVC	poly	big	CVCVC	asɯk	asɯɯm	1	1	0
DOR	alternating	VCVC	poly	big	CVCVC	atɯk	atɯɯm	1	1	0
DOR	alternating	VCVC	poly	big	CVCVC	ajɯk	ajɯɯm	1	1	0
DOR	alternating	VCVC	poly	big	CVCVC	azɯk	azɯɯm	1	1	0
DOR	alternating	VCVC	poly	big	CVCVC	ɯʃɯk	ɯʃɯɯm	1	1	0
DOR	alternating	VCVC	poly	big	CVCVC	oluk	oluum	1	1	1
DOR	alternating	VCVC	poly	big	CVCVC	ojuk	ojuum	1	1	1
DOR	alternating	VCVC	poly	big	CVCVC	uʧuk	uʧuum	1	1	1
DOR	alternating	VCVC	poly	big	CVCVC	ufuk	ufuum	1	1	1
DOR	alternating	VCVC	poly	big	CVCVC	uruk	uruum	1	1	1
DOR	alternating	VCVC	poly	big	CVCVC	ymyk	ymyym	0	1	1
DOR	vacillator	VCVC	poly	big	CVCVC	orak	orakɯm oraɯm	1	0	0
DOR	voiceless	VCVC	poly	big	CVCVC	azak	azakɯm	1	0	0
DOR	voiceless	VCVCC	poly	big	CVCVC	øzerk	øzerkim	0	0	0
DOR	voiceless	VCVCC	poly	big	CVCVC	yvejk	yvejkim	0	0	0
DOR	alternating	VCVCCVC	poly	big	CVCVC	ɯʃɯldak	ɯʃɯldaɯm	1	0	0
DOR	alternating	VCVCCVC	poly	big	CVCVC	iʧerlek	iʧerleim	0	0	0
DOR	alternating	VCVCCVC	poly	big	CVCVC	ørymʤek	ørymʤeim	0	0	0
DOR	alternating	VCVCCVC	poly	big	CVCVC	elastik	elastiim	0	1	0
DOR	alternating	VCVCCVC	poly	big	CVCVC	identik	identiim	0	1	0
DOR	alternating	VCVCCVC	poly	big	CVCVC	ikirʤik	ikirʤiim	0	1	0
DOR	alternating	VCVCCVC	poly	big	CVCVC	olimpik	olimpiim	0	1	0
DOR	alternating	VCVCCVC	poly	big	CVCVC	azɯnlɯk	azɯnlɯɯm	1	1	0
DOR	alternating	VCVCCVC	poly	big	CVCVC	agʲaʧʧɯk	agʲaʧʧɯɯm	1	1	0
DOR	alternating	VCVCCVC	poly	big	CVCVC	alɯnlɯk	alɯnlɯɯm	1	1	0
DOR	alternating	VCVCCVC	poly	big	CVCVC	alɯrlɯk	alɯrlɯɯm	1	1	0
DOR	alternating	VCVCCVC	poly	big	CVCVC	ajɯklɯk	ajɯklɯɯm	1	1	0
DOR	alternating	VCVCCVC	poly	big	CVCVC	olukʧuk	olukʧuum	1	1	1
DOR	alternating	VCVCCVCCVC	poly	big	CVCVC	eʃetkenlik	eʃetkenliim	0	1	0
DOR	alternating	VCVCCVCCVC	poly	big	CVCVC	enystynlyk	enystynlyym	0	1	1
DOR	alternating	VCVCCVCVC	poly	big	CVCVC	uzunbaʤak	uzunbaʤaɯm	1	0	0
DOR	alternating	VCVCCVCVC	poly	big	CVCVC	aritmetik	aritmetiim	0	1	0
DOR	alternating	VCVCCVCVC	poly	big	CVCVC	iʧevlilik	iʧevliliim	0	1	0
DOR	alternating	VCVCCVCVC	poly	big	CVCVC	inorganik	inorganiim	0	1	0
DOR	alternating	VCVCCVCVC	poly	big	CVCVC	elektirik	elektiriim	0	1	0
DOR	alternating	VCVCCVCVC	poly	big	CVCVC	akɯndɯrɯk	akɯndɯrɯɯm	1	1	0
DOR	alternating	VCVCCVCVC	poly	big	CVCVC	onaltɯlɯk	onaltɯlɯɯm	1	1	0
DOR	alternating	VCVCCVCVC	poly	big	CVCVC	abuksabuk	abuksabuum	1	1	1
DOR	alternating	VCVCCVCVC	poly	big	CVCVC	abuksubuk	abuksubuum	1	1	1
DOR	voiceless	VCVCCVCVC	poly	big	CVCVC	anakronik	anakronikim	0	1	0
DOR	alternating	VCVCVC	poly	big	CVCVC	anorak	anoraɯm	1	0	0
DOR	alternating	VCVCVC	poly	big	CVCVC	asalak	asalaɯm	1	0	0
DOR	alternating	VCVCVC	poly	big	CVCVC	avanak	avanaɯm	1	0	0
DOR	alternating	VCVCVC	poly	big	CVCVC	elajak	elajaɯm	1	0	0
DOR	alternating	VCVCVC	poly	big	CVCVC	eʃajak	eʃajaɯm	1	0	0
DOR	alternating	VCVCVC	poly	big	CVCVC	ønajak	ønajaɯm	1	0	0
DOR	alternating	VCVCVC	poly	big	CVCVC	olanak	olanaɯm	1	0	0
DOR	alternating	VCVCVC	poly	big	CVCVC	oturak	oturaɯm	1	0	0
DOR	alternating	VCVCVC	poly	big	CVCVC	aʧaʤak	aʧaʤaɯm	1	0	0
DOR	alternating	VCVCVC	poly	big	CVCVC	alaʤak	alaʤaɯm	1	0	0
DOR	alternating	VCVCVC	poly	big	CVCVC	olaʤak	olaʤaɯm	1	0	0
DOR	alternating	VCVCVC	poly	big	CVCVC	ojaʤak	ojaʤaɯm	1	0	0
DOR	alternating	VCVCVC	poly	big	CVCVC	efelek	efeleim	0	0	0
DOR	alternating	VCVCVC	poly	big	CVCVC	ekenek	ekeneim	0	0	0
DOR	alternating	VCVCVC	poly	big	CVCVC	eʃelek	eʃeleim	0	0	0
DOR	alternating	VCVCVC	poly	big	CVCVC	ipotek	ipoteim	0	0	0
DOR	alternating	VCVCVC	poly	big	CVCVC	iʧeʤek	iʧeʤeim	0	0	0
DOR	alternating	VCVCVC	poly	big	CVCVC	asidik	asidiim	0	1	0
DOR	alternating	VCVCVC	poly	big	CVCVC	ibibik	ibibiim	0	1	0
DOR	alternating	VCVCVC	poly	big	CVCVC	iʧerik	iʧeriim	0	1	0
DOR	alternating	VCVCVC	poly	big	CVCVC	iliʃik	iliʃiim	0	1	0
DOR	alternating	VCVCVC	poly	big	CVCVC	isilik	isiliim	0	1	0
DOR	alternating	VCVCVC	poly	big	CVCVC	italik	italiim	0	1	0
DOR	alternating	VCVCVC	poly	big	CVCVC	ikilik	ikiliim	0	1	0
DOR	alternating	VCVCVC	poly	big	CVCVC	alɯʃɯk	alɯʃɯɯm	1	1	0
DOR	alternating	VCVCVC	poly	big	CVCVC	apaʧɯk	apaʧɯɯm	1	1	0
DOR	alternating	VCVCVC	poly	big	CVCVC	ɯsɯrɯk	ɯsɯrɯɯm	1	1	0
DOR	alternating	VCVCVC	poly	big	CVCVC	ufaʤɯk	ufaʤɯɯm	1	1	0
DOR	alternating	VCVCVC	poly	big	CVCVC	ulaʃɯk	ulaʃɯɯm	1	1	0
DOR	alternating	VCVCVC	poly	big	CVCVC	adaʤɯk	adaʤɯɯm	1	1	0
DOR	alternating	VCVCVC	poly	big	CVCVC	analɯk	analɯɯm	1	1	0
DOR	alternating	VCVCVC	poly	big	CVCVC	atalɯk	atalɯɯm	1	1	0
DOR	alternating	VCVCVC	poly	big	CVCVC	azɯʤɯk	azɯʤɯɯm	1	1	0
DOR	alternating	VCVCVC	poly	big	CVCVC	odalɯk	odalɯɯm	1	1	0
DOR	alternating	VCVCVC	poly	big	CVCVC	analʲok	analʲoum	1	0	1
DOR	alternating	VCVCVC	poly	big	CVCVC	øpyʤyk	øpyʤyym	0	1	1
DOR	voiced2	VCVCVC	poly	big	CVCVC	yrolog	yroloum	1	0	1
DOR	voiceless	VCVCVC	poly	big	CVCVC	yvejik	yvejikim	0	1	0
DOR	voiceless	VCVCVC	poly	big	CVCVC	alʲakok	alʲakokum	1	0	1
DOR	voiceless	VCVCVCC	poly	big	CVCVC	arabesk	arabeskim	0	0	0
DOR	voiceless	VCVCVCC	poly	big	CVCVC	obelisk	obeliskim	0	1	0
DOR	alternating	VCVCVCCVC	poly	big	CVCVC	avadanlɯk	avadanlɯɯm	1	1	0
DOR	alternating	VCVCVCVC	poly	big	CVCVC	arakapak	arakapaɯm	1	0	0
DOR	alternating	VCVCVCVC	poly	big	CVCVC	aʤɯnaʤak	aʤɯnaʤaɯm	1	0	0
DOR	alternating	VCVCVCVC	poly	big	CVCVC	asɯlaʤak	asɯlaʤaɯm	1	0	0
DOR	alternating	VCVCVCVC	poly	big	CVCVC	okunaʤak	okunaʤaɯm	1	0	0
DOR	alternating	VCVCVCVC	poly	big	CVCVC	utanaʤak	utanaʤaɯm	1	0	0
DOR	alternating	VCVCVCVC	poly	big	CVCVC	alagejik	alagejiim	0	1	0
DOR	alternating	VCVCVCVC	poly	big	CVCVC	analitik	analitiim	0	1	0
DOR	alternating	VCVCVCVC	poly	big	CVCVC	aromatik	aromatiim	0	1	0
DOR	alternating	VCVCVCVC	poly	big	CVCVC	ipotetik	ipotetiim	0	1	0
DOR	alternating	VCVCVCVC	poly	big	CVCVC	anatyzyk	anatyzyym	0	1	1
DOR	alternating	VCVCVCVCVC	poly	big	CVCVC	olamajarak	olamajaraɯm	1	0	0
DOR	alternating	VCVCVCVCVC	poly	big	CVCVC	iradeʤilik	iradeʤiliim	0	1	0
DOR	alternating	VCVCVCVCVC	poly	big	CVCVC	iʧekapanɯk	iʧekapanɯɯm	1	1	0
DOR	voiceless	VCVVC	poly	big	CVCVC	araek	araekim	0	0	0
DOR	alternating	VCVVCCVC	poly	big	CVCVC	øzaɯrlɯk	øzaɯrlɯɯm	1	1	0
DOR	alternating	VCVVCVC	poly	big	CVCVC	ata:vik	ata:viim	0	1	0
DOR	alternating	VCVVCVC	poly	big	CVCVC	eliaʧɯk	eliaʧɯɯm	1	1	0
DOR	alternating	VCVVCVC	poly	big	CVCVC	ideolok	ideoloum	1	0	1
DOR	alternating	VCVVCVCVCVC	poly	big	CVCVC	ajaɯnaʧabuk	ajaɯnaʧabuum	1	1	1
DOR	alternating	VVC	poly	big	CVCVC	eik	eiim	0	1	0
DOR	alternating	VVCCVC	poly	big	CVCVC	aɯrlɯk	aɯrlɯɯm	1	1	0
DOR	alternating	VVCCVC	poly	big	CVCVC	oulʤuk	oulʤuum	1	1	1
DOR	alternating	VVCVC	poly	big	CVCVC	a:mak	a:maɯm	1	0	0
DOR	alternating	VVCVC	poly	big	CVCVC	o:lak	o:laɯm	1	0	0
DOR	alternating	VVCVC	poly	big	CVCVC	u:rak	u:raɯm	1	0	0
DOR	alternating	VVCVC	poly	big	CVCVC	a:ʃɯk	aʃɯɯm	1	1	0
DOR	alternating	VVCVCC	poly	big	CVCVC	a:henk	a:hengim	0	0	0
DOR	alternating	VVCVVCVC	poly	big	CVCVC	a:za:lɯk	a:za:lɯɯm	1	1	0
LAB	voiceless	CCVC	mono	CVC	CVC	stop	stopum	1	0	1
LAB	alternating	CVC	mono	CVC	CVC	kap	kabɯm	1	0	0
LAB	alternating	CVC	mono	CVC	CVC	ʤep	ʤebim	0	0	0
LAB	alternating	CVC	mono	CVC	CVC	lep	lebim	0	0	0
LAB	alternating	CVC	mono	CVC	CVC	tɯp	tɯbbɯm	1	1	0
LAB	alternating	CVC	mono	CVC	CVC	ʤop	ʤobum	1	0	1
LAB	alternating	CVC	mono	CVC	CVC	rop	robum	1	0	1
LAB	alternating	CVC	mono	CVC	CVC	kyp	kybym	0	1	1
LAB	alternating	CVC	mono	CVC	CVC	typ	tybym	0	1	1
LAB	voiced	CVC	mono	CVC	CVC	bab	ba:bɯm	1	0	0
LAB	voiced	CVC	mono	CVC	CVC	kʲab	kʲa:bɯm	1	0	0
LAB	voiced	CVC	mono	CVC	CVC	rab	rabbɯm	1	0	0
LAB	voiced	CVC	mono	CVC	CVC	leb	lebim	0	0	0
LAB	voiced	CVC	mono	CVC	CVC	fob	fobum	1	0	1
LAB	voiceless	CVC	mono	CVC	CVC	bap	bapɯm	1	0	0
LAB	voiceless	CVC	mono	CVC	CVC	ʧap	ʧapɯm	1	0	0
LAB	voiceless	CVC	mono	CVC	CVC	hap	hapɯm	1	0	0
LAB	voiceless	CVC	mono	CVC	CVC	rap	rapɯm	1	0	0
LAB	voiceless	CVC	mono	CVC	CVC	ʃap	ʃapɯm	1	0	0
LAB	voiceless	CVC	mono	CVC	CVC	sap	sapɯm	1	0	0
LAB	voiceless	CVC	mono	CVC	CVC	hep	hepim	0	0	0
LAB	voiceless	CVC	mono	CVC	CVC	kep	kepim	0	0	0
LAB	voiceless	CVC	mono	CVC	CVC	kip	kipim	0	1	0
LAB	voiceless	CVC	mono	CVC	CVC	ʤip	ʤipim	0	1	0
LAB	voiceless	CVC	mono	CVC	CVC	lop	lopum	1	0	1
LAB	voiceless	CVC	mono	CVC	CVC	pop	popum	1	0	1
LAB	voiceless	CVC	mono	CVC	CVC	sop	sopum	1	0	1
LAB	voiceless	CVC	mono	CVC	CVC	top	topum	1	0	1
LAB	voiceless	CVC	mono	CVC	CVC	ʧøp	ʧøpym	0	0	1
LAB	voiceless	CVC	mono	CVC	CVC	ʤup	ʤupum	1	1	1
LAB	voiceless	CVC	mono	CVC	CVC	kup	kupum	1	1	1
LAB	voiceless	CVC	mono	CVC	CVC	lup	lupum	1	1	1
LAB	voiceless	CVC	mono	CVC	CVC	ʒyp	ʒypym	0	1	1
LAB	voiceless	CVC	mono	CVC	CVC	lyp	lypym	0	1	1
LAB	voiced	CVCC	mono	big	CVCC	ʤezb	ʤezbim	0	0	0
LAB	alternating	CVCC	mono	big	CVCC	tejp	tejbim	0	0	0
LAB	alternating	CVCC	mono	big	CVCC	gasp	gasbɯm	1	0	0
LAB	alternating	CVCC	mono	big	CVCC	nasp	nasbɯm	1	0	0
LAB	voiceless	CVCC	mono	big	CVCC	kesp	kespim	0	0	0
LAB	alternating	CVCC	mono	big	CVCC	darp	darbɯm	1	0	0
LAB	alternating	CVCC	mono	big	CVCC	garp	garbim	1	0	0
LAB	alternating	CVCC	mono	big	CVCC	harp	harbim	1	0	0
LAB	alternating	CVCC	mono	big	CVCC	zarp	zarbɯm	1	0	0
LAB	alternating	CVCC	mono	big	CVCC	turp	turbum	1	1	1
LAB	voiced	CVCC	mono	big	CVCC	garb	garbɯm	1	0	0
LAB	voiced	CVCC	mono	big	CVCC	darb	darbɯm	1	0	0
LAB	voiced	CVCC	mono	big	CVCC	kurb	kurbum	1	1	1
LAB	voiceless	CVCC	mono	big	CVCC	sɯrp	sɯrpɯm	1	1	0
LAB	voiceless	CVCC	mono	big	CVCC	kamp	kampɯm	1	0	0
LAB	voiceless	VCC	mono	big	CVCC	alʲp	alʲpim	1	0	0
LAB	alternating	CVCC	mono	big	CVCC	kalp	kalbim	1	0	0
LAB	alternating	CVCC	mono	big	CVCC	ʤelp	ʤelbim	0	0	0
LAB	alternating	CVCC	mono	big	CVCC	kelp	kelbim	0	0	0
LAB	alternating	CVCC	mono	big	CVCC	sulp	sulbum	1	1	1
LAB	alternating	CVCCVC	poly	big	CVCVC	girdap	girdabɯm	1	0	0
LAB	alternating	CVCCVC	poly	big	CVCVC	hynnap	hynnabɯm	1	0	0
LAB	alternating	CVCCVC	poly	big	CVCVC	majtap	majtabɯm	1	0	0
LAB	alternating	CVCCVC	poly	big	CVCVC	mehtap	mehtabɯm	1	0	0
LAB	alternating	CVCCVC	poly	big	CVCVC	mɯzrap	mɯzrabɯm	1	0	0
LAB	alternating	CVCCVC	poly	big	CVCVC	mihrap	mihra:bɯm	1	0	0
LAB	alternating	CVCCVC	poly	big	CVCVC	sinʤap	sinʤabɯm	1	0	0
LAB	alternating	CVCCVC	poly	big	CVCVC	mektep	mektebim	0	0	0
LAB	alternating	CVCCVC	poly	big	CVCVC	merkep	merkebim	0	0	0
LAB	alternating	CVCCVC	poly	big	CVCVC	meʃrep	meʃrebim	0	0	0
LAB	alternating	CVCCVC	poly	big	CVCVC	mezhep	mezhebim	0	0	0
LAB	alternating	CVCCVC	poly	big	CVCVC	muhrip	muhribim	0	1	0
LAB	alternating	CVCCVC	poly	big	CVCVC	tahrip	tahribim	0	1	0
LAB	alternating	CVCCVC	poly	big	CVCVC	takrip	takribim	0	1	0
LAB	alternating	CVCCVC	poly	big	CVCVC	tasvip	tasvibim	0	1	0
LAB	alternating	CVCCVC	poly	big	CVCVC	tekzip	tekzibim	0	1	0
LAB	alternating	CVCCVC	poly	big	CVCVC	tensip	tensibim	0	1	0
LAB	alternating	CVCCVC	poly	big	CVCVC	terkip	terkibim	0	1	0
LAB	alternating	CVCCVC	poly	big	CVCVC	tertip	tertibim	0	1	0
LAB	alternating	CVCCVC	poly	big	CVCVC	mansɯp	mansɯbɯm	1	1	0
LAB	alternating	CVCCVC	poly	big	CVCVC	ʃɯpʃɯp	ʃɯpʃɯbɯm	1	1	0
LAB	alternating	CVCCVC	poly	big	CVCVC	zɯpzɯp	zɯpzɯbɯm	1	1	0
LAB	alternating	CVCCVC	poly	big	CVCVC	mikrop	mikrobum	1	0	1
LAB	alternating	CVCCVC	poly	big	CVCVC	sojsop	sojsobum	1	0	1
LAB	alternating	CVCCVC	poly	big	CVCVC	zirzop	zirzobum	1	0	1
LAB	alternating	CVCCVC	poly	big	CVCVC	mahʤup	mahʤubum	1	1	1
LAB	alternating	CVCCVC	poly	big	CVCVC	matlup	matlubum	1	1	1
LAB	alternating	CVCCVC	poly	big	CVCVC	meʤlup	meʤlubum	1	1	1
LAB	alternating	CVCCVC	poly	big	CVCVC	mektup	mektubum	1	1	1
LAB	alternating	CVCCVC	poly	big	CVCVC	menkup	menkubum	1	1	1
LAB	alternating	CVCCVC	poly	big	CVCVC	mensup	mensubum	1	1	1
LAB	alternating	CVCCVC	poly	big	CVCVC	mahsup	mahsubum	1	1	1
LAB	alternating	CVCCVC	poly	big	CVCVC	meʤzup	meʤzubum	1	1	1
LAB	vacillator	CVCCVC	poly	big	CVCVC	fajrap	fajrabɯm fajrapɯm	1	0	0
LAB	vacillator	CVCCVC	poly	big	CVCVC	matkap	matkapɯm matkabɯm	1	0	0
LAB	voiced	CVCCVC	poly	big	CVCVC	takrib	takribim	0	1	0
LAB	voiced	CVCCVC	poly	big	CVCVC	mansub	mansubum	1	1	1
LAB	voiceless	CVCCVC	poly	big	CVCVC	kezzap	kezzapɯm	1	0	0
LAB	voiceless	CVCCVC	poly	big	CVCVC	kɯnnap	kɯnnapɯm	1	0	0
LAB	voiceless	CVCCVC	poly	big	CVCVC	penʤap	penʤapɯm	1	0	0
LAB	voiceless	CVCCVC	poly	big	CVCVC	raprap	raprapɯm	1	0	0
LAB	voiceless	CVCCVC	poly	big	CVCVC	ʃapʃap	ʃapʃapɯm	1	0	0
LAB	voiceless	CVCCVC	poly	big	CVCVC	dertop	dertopum	1	0	1
LAB	voiceless	CVCCVC	poly	big	CVCVC	tortop	tortopum	1	0	1
LAB	voiceless	CVCCVC	poly	big	CVCVC	ʧerʧøp	ʧerʧøpym	0	0	1
LAB	alternating	CVCCVCCVVCVC	poly	big	CVCVC	hasbelhi:ʤap	hasbelhi:ʤa:bɯm	1	0	0
LAB	alternating	CVCCVCVC	poly	big	CVCVC	ʤamdolap	ʤamdolabɯm	1	0	0
LAB	alternating	CVCCVCVC	poly	big	CVCVC	myntehap	mynteha:bɯm	1	0	0
LAB	alternating	CVCCVCVC	poly	big	CVCVC	teldolap	teldolabɯm	1	0	0
LAB	alternating	CVCCVCVC	poly	big	CVCVC	myktesep	myktesebim	0	0	0
LAB	alternating	CVCCVCVC	poly	big	CVCVC	munkalip	munkalibim	0	1	0
LAB	alternating	CVCCVCVC	poly	big	CVCVC	myntesip	myntesibim	0	1	0
LAB	alternating	CVCCVCVC	poly	big	CVCVC	myrtekip	myrtekibim	0	1	0
LAB	alternating	CVCCVCVC	poly	big	CVCVC	muzdarip	muzdaribim	0	1	0
LAB	alternating	CVCCVCVC	poly	big	CVCVC	gardɯrop	gardɯrobum	1	0	1
LAB	voiced	CVCCVCVC	poly	big	CVCVC	myntahab	myntahabɯm	1	0	0
LAB	voiced	CVCCVCVC	poly	big	CVCVC	myrtekib	myrtekibim	0	1	0
LAB	voiceless	CVCCVCVC	poly	big	CVCVC	handikap	handikapɯm	1	0	0
LAB	alternating	CVCCVCVCVC	poly	big	CVCVC	basmakalɯp	basmakalɯbɯm	1	1	0
LAB	alternating	CVCCVVCVC	poly	big	CVCVC	serkʲa:tip	serkʲa:tibim	0	1	0
LAB	alternating	CVCVC	poly	big	CVCVC	ʧekap	ʧekabɯm	1	0	0
LAB	alternating	CVCVC	poly	big	CVCVC	ʧorap	ʧorabɯm	1	0	0
LAB	alternating	CVCVC	poly	big	CVCVC	ʤenap	ʤenabɯm	1	0	0
LAB	alternating	CVCVC	poly	big	CVCVC	ʤevap	ʤeva:bɯm	1	0	0
LAB	alternating	CVCVC	poly	big	CVCVC	dolap	dolabɯm	1	0	0
LAB	alternating	CVCVC	poly	big	CVCVC	gazap	gazabɯm	1	0	0
LAB	alternating	CVCVC	poly	big	CVCVC	gɯjap	gɯja:bɯm	1	0	0
LAB	alternating	CVCVC	poly	big	CVCVC	hesap	hesa:bɯm	1	0	0
LAB	alternating	CVCVC	poly	big	CVCVC	hiʤap	hiʤabɯm	1	0	0
LAB	alternating	CVCVC	poly	big	CVCVC	hitap	hita:bɯm	1	0	0
LAB	alternating	CVCVC	poly	big	CVCVC	kasap	kasabɯm	1	0	0
LAB	alternating	CVCVC	poly	big	CVCVC	kebap	kebabɯm	1	0	0
LAB	alternating	CVCVC	poly	big	CVCVC	kitap	kitabɯm	1	0	0
LAB	alternating	CVCVC	poly	big	CVCVC	lʲakap	lʲaka:bɯm	1	0	0
LAB	alternating	CVCVC	poly	big	CVCVC	mikʲap	mikʲabɯm	1	0	0
LAB	alternating	CVCVC	poly	big	CVCVC	nisap	nisabɯm	1	0	0
LAB	alternating	CVCVC	poly	big	CVCVC	pikap	pikabɯm	1	0	0
LAB	alternating	CVCVC	poly	big	CVCVC	rebap	reba:bɯm	1	0	0
LAB	alternating	CVCVC	poly	big	CVCVC	rybap	ryba:bɯm	1	0	0
LAB	alternating	CVCVC	poly	big	CVCVC	ʃarap	ʃarabɯm	1	0	0
LAB	alternating	CVCVC	poly	big	CVCVC	serap	serabɯm	1	0	0
LAB	alternating	CVCVC	poly	big	CVCVC	sevap	seva:bɯm	1	0	0
LAB	alternating	CVCVC	poly	big	CVCVC	supap	supabɯm	1	0	0
LAB	alternating	CVCVC	poly	big	CVCVC	zehap	zeha:bɯm	1	0	0
LAB	alternating	CVCVC	poly	big	CVCVC	harap	hara:bɯm	1	0	0
LAB	alternating	CVCVC	poly	big	CVCVC	ʤelep	ʤelebim	0	0	0
LAB	alternating	CVCVC	poly	big	CVCVC	gazep	gazebim	0	0	0
LAB	alternating	CVCVC	poly	big	CVCVC	halep	halebim	0	0	0
LAB	alternating	CVCVC	poly	big	CVCVC	hasep	hasebim	0	0	0
LAB	alternating	CVCVC	poly	big	CVCVC	nesep	nesebim	0	0	0
LAB	alternating	CVCVC	poly	big	CVCVC	sebep	sebebim	0	0	0
LAB	alternating	CVCVC	poly	big	CVCVC	talep	talebim	0	0	0
LAB	alternating	CVCVC	poly	big	CVCVC	garip	garibim	0	1	0
LAB	alternating	CVCVC	poly	big	CVCVC	hatip	hatibim	0	1	0
LAB	alternating	CVCVC	poly	big	CVCVC	hizip	hizibim	0	1	0
LAB	alternating	CVCVC	poly	big	CVCVC	kʲatip	kʲatibim	0	1	0
LAB	alternating	CVCVC	poly	big	CVCVC	muhip	muhibim	0	1	0
LAB	alternating	CVCVC	poly	big	CVCVC	nasip	nasibim	0	1	0
LAB	alternating	CVCVC	poly	big	CVCVC	neʤip	neʤibim	0	1	0
LAB	alternating	CVCVC	poly	big	CVCVC	rakip	rakibim	0	1	0
LAB	alternating	CVCVC	poly	big	CVCVC	sahip	sahibim	0	1	0
LAB	alternating	CVCVC	poly	big	CVCVC	tabip	tabibim	0	1	0
LAB	alternating	CVCVC	poly	big	CVCVC	takip	takibim	0	1	0
LAB	alternating	CVCVC	poly	big	CVCVC	gɯrip	gɯribim	0	1	0
LAB	alternating	CVCVC	poly	big	CVCVC	kalɯp	kalɯbɯm	1	1	0
LAB	alternating	CVCVC	poly	big	CVCVC	kajɯp	kajɯbɯm	1	1	0
LAB	alternating	CVCVC	poly	big	CVCVC	nasɯp	nasɯbɯm	1	1	0
LAB	alternating	CVCVC	poly	big	CVCVC	mijop	mijobum	1	0	1
LAB	alternating	CVCVC	poly	big	CVCVC	ʤenup	ʤenubum	1	1	1
LAB	alternating	CVCVC	poly	big	CVCVC	gurup	gurubum	1	1	1
LAB	alternating	CVCVC	poly	big	CVCVC	kutup	kutbum	1	1	1
LAB	alternating	CVCVC	poly	big	CVCVC	ʃurup	ʃurubum	1	1	1
LAB	alternating	CVCVC	poly	big	CVCVC	turup	turubum	1	1	1
LAB	alternating	CVCVC	poly	big	CVCVC	kytyp	kytybym	0	1	1
LAB	alternating	CVCVC	poly	big	CVCVC	kulyp	kulybym	0	1	1
LAB	vacillator	CVCVC	poly	big	CVCVC	ʃilep	ʃilepim ʃilebim	0	0	0
LAB	voiced	CVCVC	poly	big	CVCVC	sɯnob	sɯnobum	1	0	1
LAB	voiceless	CVCVC	poly	big	CVCVC	keʧap	keʧapɯm	1	0	0
LAB	voiceless	CVCVC	poly	big	CVCVC	kɯrep	kɯrepim	0	0	0
LAB	voiceless	CVCVCC	poly	big	CVCVC	mokamp	mokampɯm	1	0	0
LAB	voiceless	CVCVCC	poly	big	CVCVC	kɯramp	kɯrampɯm	1	0	0
LAB	alternating	CVCVCCVC	poly	big	CVCVC	myrekkep	myrekkebim	0	0	0
LAB	alternating	CVCVCCVC	poly	big	CVCVC	mysebbep	mysebbebim	0	0	0
LAB	alternating	CVCVCCVC	poly	big	CVCVC	myzebzep	myzebzebim	0	0	0
LAB	alternating	CVCVCCVC	poly	big	CVCVC	myzepzep	myzepzebim	0	0	0
LAB	alternating	CVCVCCVC	poly	big	CVCVC	myrettip	myrettibim	0	1	0
LAB	alternating	CVCVCCVC	poly	big	CVCVC	mysebbip	mysebbibim	0	1	0
LAB	alternating	CVCVCCVC	poly	big	CVCVC	pirensip	pirensibim	0	1	0
LAB	alternating	CVCVCCVC	poly	big	CVCVC	teleskop	teleskobum	1	0	1
LAB	alternating	CVCVCCVC	poly	big	CVCVC	tasallup	tasallubum	1	1	1
LAB	alternating	CVCVCCVC	poly	big	CVCVC	terekkyp	terekkybym	0	1	1
LAB	alternating	CVCVCCVC	poly	big	CVCVC	teressyp	teressybym	0	1	1
LAB	alternating	CVCVCCVC	poly	big	CVCVC	terettyp	terettybym	0	1	1
LAB	alternating	CVCVCCVC	poly	big	CVCVC	tesejjyp	tesejjybym	0	1	1
LAB	alternating	CVCVCCVC	poly	big	CVCVC	tezebzyp	tezebzybym	0	1	1
LAB	alternating	CVCVCCVC	poly	big	CVCVC	tagʲallyp	tagʲallybym	0	1	1
LAB	voiced	CVCVCCVC	poly	big	CVCVC	mydebdeb	mydebdebim	0	0	0
LAB	alternating	CVCVCCVCCVC	poly	big	CVCVC	hipermetrop	hipermetrobum	1	0	1
LAB	alternating	CVCVCCVCVC	poly	big	CVCVC	hazɯrʤevap	hazɯrʤeva:bɯm	1	0	0
LAB	alternating	CVCVCVC	poly	big	CVCVC	muhatap	muatabɯm	1	0	0
LAB	alternating	CVCVCVC	poly	big	CVCVC	mynasip	mynasibim	0	1	0
LAB	alternating	CVCVCVC	poly	big	CVCVC	minakop	minakobum	1	0	1
LAB	alternating	CVCVCVC	poly	big	CVCVC	ʃarolop	ʃarolobum	1	0	1
LAB	alternating	CVCVCVC	poly	big	CVCVC	tenasyp	tenasybym	0	1	1
LAB	voiceless	CVCVCVC	poly	big	CVCVC	jarɯʧap	jarɯʧapɯm	1	0	0
LAB	voiceless	CVCVCVC	poly	big	CVCVC	tɯpatɯp	tɯpatɯpɯm	1	1	0
LAB	voiceless	CVCVCVC	poly	big	CVCVC	ʧinakop	ʧinekopum	1	0	1
LAB	voiceless	CVCVCVCC	poly	big	CVCVC	motopomp	motopompum	1	0	1
LAB	alternating	CVCVCVCCVC	poly	big	CVCVC	mytegallip	mytegallibim	0	1	0
LAB	alternating	CVCVCVCCVC	poly	big	CVCVC	myterettip	mytereddibim	0	1	0
LAB	alternating	CVCVCVCCVC	poly	big	CVCVC	myterekkip	myterekkibim	0	1	0
LAB	voiceless	CVCVCVCCVC	poly	big	CVCVC	kaledoskop	kaledoskopum	1	0	1
LAB	alternating	CVCVCVVCVC	poly	big	CVCVC	mytena:sip	mytena:sibim	0	1	0
LAB	alternating	CVCVVC	poly	big	CVCVC	garaip	garaibim	0	1	0
LAB	alternating	CVCVVC	poly	big	CVCVC	regaip	regaibim	0	1	0
LAB	alternating	CVCVVC	poly	big	CVCVC	veʤaip	veʤaibim	0	1	0
LAB	alternating	CVCVVC	poly	big	CVCVC	tesaup	tesaubum	1	1	1
LAB	alternating	CVCVVCCVC	poly	big	CVCVC	mutaassɯp	mutaassɯbɯm	1	1	0
LAB	alternating	CVCVVCVC	poly	big	CVCVC	leba:lep	leba:lebim	0	0	0
LAB	alternating	CVCVVCVC	poly	big	CVCVC	gara:jip	gara:jibim	0	1	0
LAB	alternating	CVCVVCVC	poly	big	CVCVC	kara:jip	kara:jibim	0	1	0
LAB	alternating	CVCVVCVC	poly	big	CVCVC	mena:kip	mena:kibim	0	1	0
LAB	alternating	CVCVVCVC	poly	big	CVCVC	mera:kip	mera:kibim	0	1	0
LAB	alternating	CVCVVCVC	poly	big	CVCVC	mera:tip	mera:tibim	0	1	0
LAB	alternating	CVCVVCVC	poly	big	CVCVC	meta:lip	meta:libim	0	1	0
LAB	alternating	CVCVVCVC	poly	big	CVCVC	muha:sip	muha:sibim	0	1	0
LAB	alternating	CVCVVCVC	poly	big	CVCVC	myna:sip	myna:sibim	0	1	0
LAB	alternating	CVCVVCVC	poly	big	CVCVC	musa:hip	musa:hibim	0	1	0
LAB	alternating	CVCVVCVC	poly	big	CVCVC	myteakɯp	myteakɯbɯm	1	1	0
LAB	alternating	CVCVVCVC	poly	big	CVCVC	tesa:hyp	tesa:hybym	0	1	1
LAB	alternating	CVCVVCVCVC	poly	big	CVCVC	bila:sebep	bila:sebebim	0	0	0
LAB	alternating	CVCVVCVVCVC	poly	big	CVCVC	bilʲa:mu:ʤip	bilʲa:mu:ʤibim	0	1	0
LAB	alternating	CVVC	poly	big	CVCVC	gaip	gaibim	0	1	0
LAB	alternating	CVVC	poly	big	CVCVC	naip	naibim	0	1	0
LAB	voiced	CVVC	mono	big	CVCC	ba:b	ba:bɯm	1	0	0
LAB	alternating	CVVCCVC	poly	big	CVCVC	myeddep	myeddebim	0	0	0
LAB	alternating	CVVCCVC	poly	big	CVCVC	muazzep	muazzebim	0	0	0
LAB	alternating	CVVCCVC	poly	big	CVCVC	muakkip	muakkibim	0	1	0
LAB	alternating	CVVCCVC	poly	big	CVCVC	taassup	taassubum	1	1	1
LAB	alternating	CVVCCVC	poly	big	CVCVC	taaʤʤyp	taaʤʤybym	0	1	1
LAB	alternating	CVVCCVC	poly	big	CVCVC	teeddyp	teeddybym	0	1	1
LAB	alternating	CVVCVC	poly	big	CVCVC	hi:tap	hi:ta:bɯm	1	0	0
LAB	alternating	CVVCVC	poly	big	CVCVC	ru:bap	ru:ba:bɯm	1	0	0
LAB	alternating	CVVCVC	poly	big	CVCVC	bi:tap	bi:ta:bɯm	1	0	0
LAB	alternating	CVVCVC	poly	big	CVCVC	ni:sap	ni:sabɯm	1	0	0
LAB	alternating	CVVCVC	poly	big	CVCVC	biedep	biedebim	0	0	0
LAB	alternating	CVVCVC	poly	big	CVCVC	sa:lep	sa:lebim	0	0	0
LAB	alternating	CVVCVC	poly	big	CVCVC	ga:lip	ga:libim	0	1	0
LAB	alternating	CVVCVC	poly	big	CVCVC	mu:ʤip	mu:ʤibim	0	1	0
LAB	alternating	CVVCVC	poly	big	CVCVC	ra:tip	ra:tibim	0	1	0
LAB	alternating	CVVCVC	poly	big	CVCVC	sa:hip	sa:hibim	0	1	0
LAB	alternating	CVVCVC	poly	big	CVCVC	te:dip	te:dibim	0	1	0
LAB	alternating	CVVCVC	poly	big	CVCVC	ʤa:nip	ʤa:nibim	0	1	0
LAB	alternating	CVVCVC	poly	big	CVCVC	ʤa:zip	ʤa:zibim	0	1	0
LAB	alternating	CVVCVC	poly	big	CVCVC	kʲa:tip	kʲa:tibim	0	1	0
LAB	alternating	CVVCVC	poly	big	CVCVC	mu:zip	mu:zibim	0	1	0
LAB	alternating	CVVCVC	poly	big	CVCVC	muasip	muasibim	0	1	0
LAB	alternating	CVVCVC	poly	big	CVCVC	ra:hip	ra:hibim	0	1	0
LAB	alternating	CVVCVC	poly	big	CVCVC	sa:lip	sa:libim	0	1	0
LAB	alternating	CVVCVC	poly	big	CVCVC	ta:kip	ta:kibim	0	1	0
LAB	alternating	CVVCVC	poly	big	CVCVC	ta:lip	ta:libim	0	1	0
LAB	alternating	CVVCVC	poly	big	CVCVC	va:ʤip	va:ʤibim	0	1	0
LAB	alternating	CVVCVC	poly	big	CVCVC	ga:sɯp	ga:sɯbɯm	1	1	0
LAB	alternating	CVVCVC	poly	big	CVCVC	gaasɯp	gaasɯbɯm	1	1	0
LAB	alternating	CVVCVC	poly	big	CVCVC	ma:rɯp	ma:rɯbɯm	1	1	0
LAB	alternating	CVVCVC	poly	big	CVCVC	ma:lʲup	ma:lʲubum	1	1	1
LAB	voiced	CVVCVC	poly	big	CVCVC	bi:tab	bi:ta:bɯm	1	0	0
LAB	voiced	CVVCVC	poly	big	CVCVC	ga:sɯb	ga:sɯbɯm	1	1	0
LAB	alternating	CVVCVCCVCC	poly	big	CVCVC	za:tylʤenp	za:tylʤenbim	0	0	0
LAB	alternating	CVVCVCVCC	poly	big	CVCVC	ha:liharp	ha:liharbɯm	1	0	0
LAB	alternating	CVVCVCVCVC	poly	big	CVCVC	ha:neharap	ha:neharabɯm	1	0	0
LAB	alternating	CVVCVVCVC	poly	big	CVCVC	na:ma:lʲup	na:ma:lʲubum	1	1	1
LAB	alternating	CVVVCVC	poly	big	CVCVC	mua:tap	mua:tabɯm	1	0	0
LAB	voiceless	VC	mono	CVC	CVC	ip	ipim	0	1	0
LAB	alternating	VCCVC	poly	big	CVCVC	ahbap	ahba:bɯm	1	0	0
LAB	alternating	VCCVC	poly	big	CVCVC	ahʃap	ahʃabɯm	1	0	0
LAB	alternating	VCCVC	poly	big	CVCVC	erbap	erba:bɯm	1	0	0
LAB	alternating	VCCVC	poly	big	CVCVC	esbap	esba:bɯm	1	0	0
LAB	alternating	VCCVC	poly	big	CVCVC	esvap	esvabɯm	1	0	0
LAB	alternating	VCCVC	poly	big	CVCVC	akrep	akrebim	0	0	0
LAB	alternating	VCCVC	poly	big	CVCVC	yslʲup	yslʲu:bum	1	1	1
LAB	voiced	VCCVC	poly	big	CVCVC	eshab	eshabɯm	1	0	0
LAB	voiceless	VCCVC	poly	big	CVCVC	istep	istepim	0	0	0
LAB	alternating	VCCVCCVC	poly	big	CVCVC	istiʧvap	istiʧva:bɯm	1	0	0
LAB	alternating	VCCVCCVC	poly	big	CVCVC	istiʤvap	istiʤva:bɯm	1	0	0
LAB	alternating	VCCVCCVC	poly	big	CVCVC	istiktap	istikta:bɯm	1	0	0
LAB	alternating	VCCVCVC	poly	big	CVCVC	ɯstɯrap	ɯstɯra:bɯm	1	0	0
LAB	alternating	VCCVCVC	poly	big	CVCVC	iʧtinap	iʧtina:bɯm	1	0	0
LAB	alternating	VCCVCVC	poly	big	CVCVC	iktisap	iktisa:bɯm	1	0	0
LAB	alternating	VCCVCVC	poly	big	CVCVC	iltihap	iltiha:bɯm	1	0	0
LAB	alternating	VCCVCVC	poly	big	CVCVC	inkɯlap	inkɯla:bɯm	1	0	0
LAB	alternating	VCCVCVC	poly	big	CVCVC	intihap	intiha:bɯm	1	0	0
LAB	alternating	VCCVCVC	poly	big	CVCVC	intisap	intisa:bɯm	1	0	0
LAB	alternating	VCCVCVC	poly	big	CVCVC	iʃtinap	iʃtina:bɯm	1	0	0
LAB	alternating	VCCVCVC	poly	big	CVCVC	istirap	istira:bɯm	1	0	0
LAB	alternating	VCCVCVC	poly	big	CVCVC	irtikʲap	irtikʲa:bɯm	1	0	0
LAB	alternating	VCCVCVC	poly	big	CVCVC	antilop	antilobum	1	0	1
LAB	voiced	VCCVCVC	poly	big	CVCVC	iktisab	iktisa:bɯm	1	0	0
LAB	alternating	VCCVVC	poly	big	CVCVC	istiap	istiabɯm	1	0	0
LAB	alternating	VCCVVCVC	poly	big	CVCVC	inkɯ:lʲap	inkɯ:lʲa:bɯm	1	0	0
LAB	alternating	VCVC	poly	big	CVCVC	arap	arabɯm	1	0	0
LAB	alternating	VCVC	poly	big	CVCVC	azap	aza:bɯm	1	0	0
LAB	alternating	VCVC	poly	big	CVCVC	iʤap	iʤa:bɯm	1	0	0
LAB	alternating	VCVC	poly	big	CVCVC	edep	edebim	0	0	0
LAB	alternating	VCVC	poly	big	CVCVC	amip	amibim	0	1	0
LAB	alternating	VCVC	poly	big	CVCVC	edip	edibim	0	1	0
LAB	alternating	VCVC	poly	big	CVCVC	ekip	ekibim	0	1	0
LAB	alternating	VCVC	poly	big	CVCVC	ajɯp	ajɯbɯm	1	1	0
LAB	alternating	VCVC	poly	big	CVCVC	agop	agobum	1	0	1
LAB	alternating	VCVC	poly	big	CVCVC	ejyp	ejybym	0	1	1
LAB	vacillator	VCVC	poly	big	CVCVC	aʤep	aʤepim aʤebim	0	0	0
LAB	alternating	VCVCC	poly	big	CVCVC	eʃarp	eʃarbɯm	1	0	0
LAB	alternating	VCVCVCVVCVC	poly	big	CVCVC	alelaʤa:jip	alelaʤa:jibim	0	1	0
LAB	alternating	VCVVCVC	poly	big	CVCVC	aʤa:jip	aʤa:jibim	0	1	0
LAB	alternating	VCVVVC	poly	big	CVCVC	aʤa:ip	aʤa:ibim	0	1	0
LAB	alternating	VVCVC	poly	big	CVCVC	a:dap	a:da:bɯm	1	0	0
LAB	alternating	VVCVC	poly	big	CVCVC	a:sap	a:sabɯm	1	0	0
LAB	alternating	VVCVC	poly	big	CVCVC	a:zap	a:za:bɯm	1	0	0
LAB	alternating	VVCVC	poly	big	CVCVC	i:ʤap	i:ʤa:bɯm	1	0	0
LAB	alternating	VVCVCVC	poly	big	CVCVC	a:fitap	a:fita:bɯm	1	0	0
PAL	voiceless	CCVC	mono	CVC	CVC	skeʧ	skeʧim	0	0	0
PAL	voiceless	CCVC	mono	CVC	CVC	briʧ	briʧim	0	1	0
PAL	alternating	CVC	mono	CVC	CVC	taʧ	taʤɯm	1	0	0
PAL	vacillator	CVC	mono	CVC	CVC	saʧ	saʧɯm saʤɯm	1	0	0
PAL	vacillator	CVC	mono	CVC	CVC	gyʧ	gyʧym gyʤym	0	1	1
PAL	voiced	CVC	mono	CVC	CVC	haʤ	haʤɯm	1	0	0
PAL	voiced	CVC	mono	CVC	CVC	saʤ	saʤɯm	1	0	0
PAL	voiceless	CVC	mono	CVC	CVC	baʧ	baʧɯm	1	0	0
PAL	voiceless	CVC	mono	CVC	CVC	haʧ	haʧɯm	1	0	0
PAL	voiceless	CVC	mono	CVC	CVC	kaʧ	kaʧɯm	1	0	0
PAL	voiceless	CVC	mono	CVC	CVC	maʧ	maʧɯm	1	0	0
PAL	voiceless	CVC	mono	CVC	CVC	geʧ	geʧim	0	0	0
PAL	voiceless	CVC	mono	CVC	CVC	meʧ	meʧim	0	0	0
PAL	voiceless	CVC	mono	CVC	CVC	hiʧ	hiʧim	0	1	0
PAL	voiceless	CVC	mono	CVC	CVC	piʧ	piʧim	0	1	0
PAL	voiceless	CVC	mono	CVC	CVC	kɯʧ	kɯʧɯm	1	1	0
PAL	voiceless	CVC	mono	CVC	CVC	doʧ	doʧum	1	0	1
PAL	voiceless	CVC	mono	CVC	CVC	koʧ	koʧum	1	0	1
PAL	voiceless	CVC	mono	CVC	CVC	gøʧ	gøʧym	0	0	1
PAL	voiceless	CVC	mono	CVC	CVC	suʧ	suʧum	1	1	1
PAL	voiced	CVCC	mono	big	CVCC	mezʤ	mezʤim	0	0	0
PAL	alternating	CVCC	mono	big	CVCC	harʧ	harʤɯm	1	0	0
PAL	alternating	CVCC	mono	big	CVCC	derʧ	derʤim	0	0	0
PAL	alternating	CVCC	mono	big	CVCC	borʧ	borʤum	1	0	1
PAL	alternating	CVCC	mono	big	CVCC	hurʧ	hurʤum	1	1	1
PAL	alternating	CVCC	mono	big	CVCC	burʧ	burʤum	1	1	1
PAL	voiceless	CVCC	mono	big	CVCC	syrʧ	syrʧym	0	1	1
PAL	alternating	CVCC	mono	big	CVCC	penʧ	penʤim	0	0	0
PAL	alternating	CVCC	mono	big	CVCC	genʧ	genʤim	0	0	0
PAL	alternating	CVCC	mono	big	CVCC	konʧ	konʤum	1	0	1
PAL	alternating	CVCC	mono	big	CVCC	tunʧ	tunʤum	1	1	1
PAL	vacillator	CVCC	mono	big	CVCC	hɯnʧ	hɯnʤɯm hɯnʧɯm	1	1	0
PAL	voiceless	CVCC	mono	big	CVCC	dinʧ	dinʧim	0	1	0
PAL	voiceless	CVCC	mono	big	CVCC	linʧ	linʧim	0	1	0
PAL	voiceless	CVCC	mono	big	CVCC	vinʧ	vinʧim	0	1	0
PAL	voiceless	CVCC	mono	big	CVCC	gønʧ	gønʧym	0	0	1
PAL	voiceless	CVCC	mono	big	CVCC	punʧ	punʧum	1	1	1
PAL	voiceless	VCC	mono	big	CVCC	inʧ	inʧim	0	1	0
PAL	alternating	CVCC	mono	big	CVCC	felʧ	felʤim	0	0	0
PAL	alternating	CVCCCVC	poly	big	CVCVC	jɯrtmaʧ	jɯrtmaʤɯm	1	0	0
PAL	voiceless	CVCCCVC	poly	big	CVCVC	sandviʧ	sandviʧim	0	1	0
PAL	alternating	CVCCVC	poly	big	CVCVC	bakraʧ	bakraʤɯm	1	0	0
PAL	alternating	CVCCVC	poly	big	CVCVC	gyllaʧ	gyllaʤɯm	1	0	0
PAL	alternating	CVCCVC	poly	big	CVCVC	hallaʧ	hallaʤɯm	1	0	0
PAL	alternating	CVCCVC	poly	big	CVCVC	kapkaʧ	kapkaʤɯm	1	0	0
PAL	alternating	CVCCVC	poly	big	CVCVC	kɯrbaʧ	kɯrbaʤɯm	1	0	0
PAL	alternating	CVCCVC	poly	big	CVCVC	kɯskaʧ	kɯskaʤɯm	1	0	0
PAL	alternating	CVCCVC	poly	big	CVCVC	muhtaʧ	muhta:ʤɯm	1	0	0
PAL	alternating	CVCCVC	poly	big	CVCVC	tartaʧ	tartaʤɯm	1	0	0
PAL	alternating	CVCCVC	poly	big	CVCVC	mahreʧ	mahreʤim	0	0	0
PAL	alternating	CVCCVC	poly	big	CVCVC	kerpiʧ	kerpiʤim	0	1	0
PAL	alternating	CVCCVC	poly	big	CVCVC	sarnɯʧ	sarnɯʤɯm	1	1	0
PAL	alternating	CVCCVC	poly	big	CVCVC	dalgɯʧ	dalgɯʤɯm	1	1	0
PAL	alternating	CVCCVC	poly	big	CVCVC	sorguʧ	sorguʤum	1	1	1
PAL	vacillator	CVCCVC	poly	big	CVCVC	tehjiʧ	tehjiʤim tehjiʧim	0	1	0
PAL	vacillator	CVCCVC	poly	big	CVCVC	terviʧ	terviʧim terviʤim	0	1	0
PAL	vacillator	CVCCVC	poly	big	CVCVC	mefluʧ	mefluʧum mefluʤum	1	1	1
PAL	voiceless	CVCCVC	poly	big	CVCVC	birkaʧ	birkaʧɯm	1	0	0
PAL	voiceless	CVCCVC	poly	big	CVCVC	kavraʧ	kavraʧɯm	1	0	0
PAL	voiceless	CVCCVC	poly	big	CVCVC	sarkaʧ	sarkaʧɯm	1	0	0
PAL	voiceless	CVCCVC	poly	big	CVCVC	delgeʧ	delgeʧim	0	0	0
PAL	voiceless	CVCCVC	poly	big	CVCVC	gelgeʧ	gelgeʧim	0	0	0
PAL	voiceless	CVCCVC	poly	big	CVCVC	gørgeʧ	gørgeʧim	0	0	0
PAL	voiceless	CVCCVC	poly	big	CVCVC	norveʧ	norveʧim	0	0	0
PAL	voiceless	CVCCVC	poly	big	CVCVC	syzgeʧ	syzgeʧim	0	0	0
PAL	voiceless	CVCCVC	poly	big	CVCVC	jengeʧ	jengeʧim	0	0	0
PAL	voiceless	CVCCVC	poly	big	CVCVC	jyzgeʧ	jyzgeʧim	0	0	0
PAL	voiceless	CVCCVC	poly	big	CVCVC	tezviʧ	tezvi:ʧim	0	1	0
PAL	voiceless	CVCCVC	poly	big	CVCVC	zangoʧ	zangoʧum	1	0	1
PAL	voiceless	CVCCVC	poly	big	CVCVC	kaʧgøʧ	kaʧgøʧym	0	0	1
PAL	voiceless	CVCCVC	poly	big	CVCVC	hørgyʧ	hørgyʧym	0	1	1
PAL	alternating	CVCCVCC	poly	big	CVCVC	kɯskanʧ	kɯskanʤɯm	1	0	0
PAL	alternating	CVCCVCC	poly	big	CVCVC	satranʧ	satranʤɯm	1	0	0
PAL	alternating	CVCCVCC	poly	big	CVCVC	tiksinʧ	tiksinʤim	0	1	0
PAL	voiceless	CVCCVCC	poly	big	CVCVC	gepgenʧ	gepgenʧim	0	0	0
PAL	alternating	CVCCVCCVC	poly	big	CVCVC	saklambaʧ	saklambaʤɯm	1	0	0
PAL	alternating	CVCCVCCVC	poly	big	CVCVC	kɯrlangɯʧ	kɯrlangɯʤɯm	1	1	0
PAL	alternating	CVCCVCVC	poly	big	CVCVC	kaldɯraʧ	kaldɯraʤɯm	1	0	0
PAL	voiceless	CVCCVCVC	poly	big	CVCVC	daldɯraʧ	daldɯraʧɯm	1	0	0
PAL	voiceless	CVCCVCVC	poly	big	CVCVC	myndemiʧ	myndemiʧim	0	1	0
PAL	voiceless	CVCCVCVC	poly	big	CVCVC	mynderiʧ	mynderiʧim	0	1	0
PAL	alternating	CVCCVCVCC	poly	big	CVCVC	herʤymerʧ	herʤymerʤim	0	0	0
PAL	alternating	CVCCVCVCC	poly	big	CVCVC	hɯnʤahɯnʧ	hɯnʤahɯnʤɯm	1	1	0
PAL	alternating	CVCCVCVCVC	poly	big	CVCVC	tahtapabuʧ	tahtapabuʤum	1	1	1
PAL	alternating	CVCVC	poly	big	CVCVC	haraʧ	haraʤɯm	1	0	0
PAL	alternating	CVCVC	poly	big	CVCVC	kajaʧ	kajaʤɯm	1	0	0
PAL	alternating	CVCVC	poly	big	CVCVC	kulaʧ	kulaʤɯm	1	0	0
PAL	alternating	CVCVC	poly	big	CVCVC	mizaʧ	miza:ʤɯm	1	0	0
PAL	alternating	CVCVC	poly	big	CVCVC	saraʧ	saraʤɯm	1	0	0
PAL	alternating	CVCVC	poly	big	CVCVC	sajaʧ	sajaʤɯm	1	0	0
PAL	alternating	CVCVC	poly	big	CVCVC	topaʧ	topaʤɯm	1	0	0
PAL	alternating	CVCVC	poly	big	CVCVC	jamaʧ	jamaʤɯm	1	0	0
PAL	alternating	CVCVC	poly	big	CVCVC	jazaʧ	jazaʤɯm	1	0	0
PAL	alternating	CVCVC	poly	big	CVCVC	gereʧ	gereʤim	0	0	0
PAL	alternating	CVCVC	poly	big	CVCVC	kireʧ	kireʤim	0	0	0
PAL	alternating	CVCVC	poly	big	CVCVC	ʧekiʧ	ʧekiʤim	0	1	0
PAL	alternating	CVCVC	poly	big	CVCVC	myziʧ	myziʤim	0	1	0
PAL	alternating	CVCVC	poly	big	CVCVC	nesiʧ	nesiʤim	0	1	0
PAL	alternating	CVCVC	poly	big	CVCVC	piliʧ	piliʤim	0	1	0
PAL	alternating	CVCVC	poly	big	CVCVC	kɯlɯʧ	kɯlɯʤɯm	1	1	0
PAL	alternating	CVCVC	poly	big	CVCVC	havuʧ	havuʤum	1	1	1
PAL	alternating	CVCVC	poly	big	CVCVC	huruʧ	huruʤum	1	1	1
PAL	alternating	CVCVC	poly	big	CVCVC	sonuʧ	sonuʤum	1	1	1
PAL	alternating	CVCVC	poly	big	CVCVC	pabuʧ	pabuʤum	1	1	1
PAL	vacillator	CVCVC	poly	big	CVCVC	kɯraʧ	kɯraʧɯm kɯraʤɯm	1	0	0
PAL	vacillator	CVCVC	poly	big	CVCVC	revaʧ	revaʧɯm revaʤɯm	1	0	0
PAL	vacillator	CVCVC	poly	big	CVCVC	gyveʧ	gyveʧim gyveʤim	0	0	0
PAL	voiceless	CVCVC	poly	big	CVCVC	sɯkaʧ	sɯkaʧɯm	1	0	0
PAL	voiceless	CVCVC	poly	big	CVCVC	demeʧ	demeʧim	0	0	0
PAL	voiceless	CVCVC	poly	big	CVCVC	haliʧ	haliʧim	0	1	0
PAL	voiceless	CVCVC	poly	big	CVCVC	kukuʧ	kukuʧum	1	1	1
PAL	alternating	CVCVCC	poly	big	CVCVC	kazanʧ	kazanʤɯm	1	0	0
PAL	alternating	CVCVCC	poly	big	CVCVC	kɯvanʧ	kɯvanʤɯm	1	0	0
PAL	alternating	CVCVCC	poly	big	CVCVC	filenʧ	filenʤim	0	0	0
PAL	alternating	CVCVCC	poly	big	CVCVC	gyvenʧ	gyvenʤim	0	0	0
PAL	alternating	CVCVCC	poly	big	CVCVC	bilinʧ	bilinʤim	0	1	0
PAL	alternating	CVCVCC	poly	big	CVCVC	pirinʧ	pirinʤim	0	1	0
PAL	alternating	CVCVCC	poly	big	CVCVC	sevinʧ	sevinʤim	0	1	0
PAL	alternating	CVCVCC	poly	big	CVCVC	basɯnʧ	basɯnʤɯm	1	1	0
PAL	alternating	CVCVCC	poly	big	CVCVC	kasɯnʧ	kasɯnʤɯm	1	1	0
PAL	alternating	CVCVCC	poly	big	CVCVC	ʧelɯnʧ	ʧelɯnʤɯm	1	1	0
PAL	alternating	CVCVCC	poly	big	CVCVC	bulunʧ	bulunʤum	1	1	1
PAL	alternating	CVCVCC	poly	big	CVCVC	kulunʧ	kulunʤum	1	1	1
PAL	alternating	CVCVCC	poly	big	CVCVC	turunʧ	turunʤum	1	1	1
PAL	alternating	CVCVCC	poly	big	CVCVC	dujunʧ	dujunʤum	1	1	1
PAL	voiceless	CVCVCC	poly	big	CVCVC	gylynʧ	gylynʧym	0	1	1
PAL	alternating	CVCVCCVC	poly	big	CVCVC	belirteʧ	belirteʤim	0	0	0
PAL	alternating	CVCVCCVC	poly	big	CVCVC	tetevvyʧ	tetevvyʤym	0	1	1
PAL	vacillator	CVCVCCVC	poly	big	CVCVC	tehejjyʧ	tehejjyʧym tehejjyʤym	0	1	1
PAL	voiceless	CVCVCCVC	poly	big	CVCVC	dolambaʧ	dolambaʧɯm	1	0	0
PAL	voiceless	CVCVCCVC	poly	big	CVCVC	ʧevirgeʧ	ʧevirgeʧim	0	0	0
PAL	voiceless	CVCVCCVC	poly	big	CVCVC	myhejjiʧ	myhejjiʧim	0	1	0
PAL	voiceless	CVCVCCVC	poly	big	CVCVC	temevvyʧ	temevvyʧym	0	1	1
PAL	alternating	CVCVCCVCC	poly	big	CVCVC	vekilharʧ	vekilharʤɯm	1	0	0
PAL	alternating	CVCVCVC	poly	big	CVCVC	dønemeʧ	dønemeʤim	0	0	0
PAL	voiceless	CVCVCVC	poly	big	CVCVC	bulamaʧ	bulamaʧɯm	1	0	0
PAL	voiceless	CVCVCVC	poly	big	CVCVC	kokoreʧ	kokoreʧim	0	0	0
PAL	voiceless	CVCVCVC	poly	big	CVCVC	byjyteʧ	byjyteʧim	0	0	0
PAL	voiceless	CVCVCVC	poly	big	CVCVC	gɯriniʧ	gɯriniʧim	0	1	0
PAL	alternating	CVCVCVCCVC	poly	big	CVCVC	mytehejjiʧ	mytehejjiʤim	0	1	0
PAL	voiceless	CVCVVCVC	poly	big	CVCVC	neta:jiʧ	neta:jiʧim	0	1	0
PAL	alternating	CVVC	poly	big	CVCVC	raiʧ	raiʤim	0	1	0
PAL	alternating	CVVCCVC	poly	big	CVCVC	myejjiʧ	myejjiʤim	0	1	0
PAL	alternating	CVVCVC	poly	big	CVCVC	ba:laʧ	ba:laʤɯm	1	0	0
PAL	alternating	CVVCVC	poly	big	CVCVC	ha:riʧ	ha:riʤim	0	1	0
PAL	voiceless	CVVCVC	poly	big	CVCVC	da:lɯʧ	da:lɯʧɯm	1	1	0
PAL	alternating	CVVVC	poly	big	CVCVC	ra:iʧ	ra:iʤim	0	1	0
PAL	alternating	VC	mono	CVC	CVC	øʧ	øʤym	0	0	1
PAL	alternating	VC	mono	CVC	CVC	uʧ	uʤum	1	1	1
PAL	voiceless	VC	mono	CVC	CVC	aʧ	aʧɯm	1	0	0
PAL	voiceless	VC	mono	CVC	CVC	iʧ	iʧim	0	1	0
PAL	voiceless	VC	mono	CVC	CVC	yʧ	yʧym	0	1	1
PAL	alternating	VCCVC	poly	big	CVCVC	ihraʧ	ihra:ʤɯm	1	0	0
PAL	alternating	VCCVC	poly	big	CVCVC	intaʧ	inta:ʤɯm	1	0	0
PAL	alternating	VCCVC	poly	big	CVCVC	iʃgyʧ	iʃgyʤym	0	1	1
PAL	voiceless	VCCVC	poly	big	CVCVC	ergeʧ	ergeʧim	0	0	0
PAL	voiceless	VCCVC	poly	big	CVCVC	ilgeʧ	ilgeʧim	0	0	0
PAL	voiceless	VCCVC	poly	big	CVCVC	isveʧ	isveʧim	0	0	0
PAL	voiceless	VCCVC	poly	big	CVCVC	ardɯʧ	ardɯʧɯm	1	1	0
PAL	voiceless	VCCVC	poly	big	CVCVC	iskoʧ	iskoʧum	1	0	1
PAL	alternating	VCCVCC	poly	big	CVCVC	ispenʧ	ispenʤim	0	0	0
PAL	alternating	VCCVCC	poly	big	CVCVC	istenʧ	istenʤim	0	0	0
PAL	alternating	VCCVCCVC	poly	big	CVCVC	istihraʧ	istihra:ʤɯm	1	0	0
PAL	alternating	VCCVCCVC	poly	big	CVCVC	istimzaʧ	istimza:ʤɯm	1	0	0
PAL	alternating	VCCVCCVC	poly	big	CVCVC	istintaʧ	istinta:ʤɯm	1	0	0
PAL	alternating	VCCVCVC	poly	big	CVCVC	ihtilaʧ	ihtila:ʤɯm	1	0	0
PAL	alternating	VCCVCVC	poly	big	CVCVC	ihtijaʧ	ihtija:ʤɯm	1	0	0
PAL	alternating	VCCVCVC	poly	big	CVCVC	imtizaʧ	imtiza:ʤɯm	1	0	0
PAL	alternating	VCCVCVC	poly	big	CVCVC	izdivaʧ	izdiva:ʤɯm	1	0	0
PAL	voiceless	VCCVCVC	poly	big	CVCVC	ystybeʧ	ystybeʧim	0	0	0
PAL	alternating	VCVC	poly	big	CVCVC	amaʧ	amaʤɯm	1	0	0
PAL	alternating	VCVC	poly	big	CVCVC	ilaʧ	ilaʤɯm	1	0	0
PAL	alternating	VCVC	poly	big	CVCVC	izaʧ	iza:ʤɯm	1	0	0
PAL	alternating	VCVC	poly	big	CVCVC	akaʧ	akaʤɯm	1	0	0
PAL	alternating	VCVC	poly	big	CVCVC	avuʧ	avuʤum	1	1	1
PAL	alternating	VCVC	poly	big	CVCVC	oruʧ	oruʤum	1	1	1
PAL	voiceless	VCVC	poly	big	CVCVC	anaʧ	anaʧɯm	1	0	0
PAL	alternating	VCVCC	poly	big	CVCVC	usanʧ	usanʤɯm	1	0	0
PAL	alternating	VCVCC	poly	big	CVCVC	yʃenʧ	yʃenʤim	0	0	0
PAL	alternating	VCVCC	poly	big	CVCVC	ødynʧ	ødynʤym	0	1	1
PAL	alternating	VCVCC	poly	big	CVCVC	yzynʧ	yzynʤym	0	1	1
PAL	vacillator	VCVCC	poly	big	CVCVC	øvynʧ	øvynʤym øvynʧym	0	1	1
PAL	voiceless	VCVCC	poly	big	CVCVC	erinʧ	erinʧim	0	1	0
PAL	voiceless	VCVCC	poly	big	CVCVC	avunʧ	avunʧum	1	1	1
PAL	alternating	VCVCCVC	poly	big	CVCVC	ajɯrtaʧ	ajɯrtaʤɯm	1	0	0
PAL	voiceless	VCVCCVC	poly	big	CVCVC	yʃengeʧ	yʃengeʧim	0	0	0
PAL	alternating	VCVCVC	poly	big	CVCVC	akɯtaʧ	akɯtaʤɯm	1	0	0
PAL	alternating	VCVCVC	poly	big	CVCVC	ɯʃɯtaʧ	ɯʃɯtaʤɯm	1	0	0
PAL	alternating	VCVCVC	poly	big	CVCVC	okutaʧ	okutaʤɯm	1	0	0
PAL	alternating	VCVCVC	poly	big	CVCVC	yreteʧ	yreteʤim	0	0	0
PAL	vacillator	VCVCVC	poly	big	CVCVC	ajɯraʧ	ajraʧɯm ajɯraʤɯm	1	0	0
PAL	alternating	VVC	poly	big	CVCVC	aaʧ	aaʤɯm	1	0	0
PAL	alternating	VVCVC	poly	big	CVCVC	i:zaʧ	i:za:ʤɯm	1	0	0
PAL	vacillator	VVCVCC	poly	big	CVCVC	i:renʧ	i:renʧim i:renʤim	0	0	0